dataset_index,sample_id,dataset,sequence,component_id,iou,correct_iou050,reference_grid_h,reference_grid_w,conditional_gt_mass,log_gt_enrichment,pointing_hit,span_mass,gt_area_fraction,mean_head_absolute_gt_mass,L24H13/conditional_gt_mass,L24H13/log_gt_enrichment,L24H13/pointing_hit,L24H13/span_mass,L23H30/conditional_gt_mass,L23H30/log_gt_enrichment,L23H30/pointing_hit,L23H30/span_mass,L26H20/conditional_gt_mass,L26H20/log_gt_enrichment,L26H20/pointing_hit,L26H20/span_mass,L21H11/conditional_gt_mass,L21H11/log_gt_enrichment,L21H11/pointing_hit,L21H11/span_mass,L23H13/conditional_gt_mass,L23H13/log_gt_enrichment,L23H13/pointing_hit,L23H13/span_mass
626,626-1,GOT10k,GOT-10k_Val_000027,383d29fe6b4009cdb0625fe97bef1497ffbc62aeb5d46bc79a335629324e1f09,0.9046941483277668,True,24,42,0.1832288536825017,0.7610740197166495,1.0,0.00200674869120121,0.085598,0.0004839896692757794,0.0424938266145853,-0.7003031091364877,0.0,0.00186241848859936,0.1892912573195072,0.793624954499595,1.0,0.0016897142631933093,0.11402322552397673,0.28674024192151554,0.0,0.0015707898419350386,0.421226115923687,1.5935078635664048,1.0,0.004077671095728874,0.14910982098765901,0.5550211696745307,0.0,0.0008331499411724508
649,649-1,GOT10k,GOT-10k_Val_000050,9377be7730215ac5149cac67b4f3bce6e238652203a0ca8da907e8b9e0f829b3,0.9442349672554078,True,24,42,0.026016797859394227,2.356956355251019,0.0,0.0014368214178830385,0.002463999999999998,4.041386900934466e-05,0.042849888425623164,2.8559169955330272,0.0,0.0008888328447937965,0.00982435073415097,1.383078026862403,0.0,0.0009456510888412595,0.01144271883444068,1.5355675723968376,0.0,0.0009170268313027918,0.03174628475676197,2.5559896572855205,0.0,0.0030258994083851576,0.03422074350208883,2.631045949677984,0.0,0.0014066966250538826
608,608-1,GOT10k,GOT-10k_Val_000009,3cb3262ef3b88e9ce505eaf4c8abf966ac59097cab4ea27646399473066036de,0.8999432597973841,True,24,42,0.03601834033239397,-0.7599070211449046,0.0,0.0033629569225013256,0.07700999999999997,8.919864198345852e-05,0.012975321074956159,-1.7808861091440138,0.0,0.003489987924695015,0.011024908258104676,-1.9437781835132173,0.0,0.0038701200392097235,0.0030945852775144207,-3.214281383965153,0.0,0.00438022892922163,0.13572533134109901,0.5666979375053744,0.0,0.0021682986989617348,0.017271555563822052,-1.4948743222687164,0.0,0.0029061497189104557
673,673-1,GOT10k,GOT-10k_Val_000074,f56811c841d4aa1e1a2f2768eab82d28bd59a5547feb15c7cf6df5104d8e00af,0.8103903727619607,True,15,20,0.12598536912691488,0.5579175819701917,0.0,0.008218103088438511,0.07211399999999998,0.0014209896583624614,0.06467020819043101,-0.10894756547167406,0.0,0.003227025270462036,0.23684926525427727,1.1891757270099297,0.0,0.011141063645482063,0.000955763766453856,-4.323492702885031,0.0,0.0043183742091059685,0.12389392017559148,0.5411775168174786,0.0,0.003855474991723895,0.20355768063010546,1.0377012074213745,0.0,0.01854857988655567
711,711-1,GOT10k,GOT-10k_Val_000112,4c05509510bf6af418145aa3671cf3620c525e82d0221a8e2f1dc1f6bb8cb872,0.980595805046104,True,24,42,0.24923198341354272,1.0530968867421342,1.0,0.006011679768562317,0.08694600000000001,0.001989018691172465,0.03595591016519777,-0.8829937660486628,0.0,0.0015112748369574547,0.2897458791938405,1.2037170238901838,1.0,0.005859118886291981,0.1706111831692785,0.6740999486060357,0.0,0.001974191516637802,0.34527419415934235,1.379051630759767,1.0,0.00883607380092144,0.40457277046970797,1.5375443862999216,1.0,0.01187774259597063
756,756-1,GOT10k,GOT-10k_Val_000157,2df484698a645487f7669566d20565c293b10937d11b52489c37b82bf7c0b568,0.8963663159768487,True,15,20,0.020148934109497346,-0.9935435922834852,0.0,0.005023873411118984,0.054417999999999994,6.234316840082858e-05,0.005367376803230581,-2.316355683333692,0.0,0.0013786674244329333,0.02848652991094859,-0.647263640641285,0.0,0.002345696557313204,0.0003235541647178705,-5.125083727101846,0.0,0.01507433969527483,0.045260137593606475,-0.1842683012137286,0.0,0.004088954534381628,0.02130707248444668,-0.9376559223602338,0.0,0.0022317119874060154
702,702-1,GOT10k,GOT-10k_Val_000103,68ff5a5f8907926551abd3c9cc79beb4c4516798d699258bcfee01c9e7a18c83,0.526595744680851,True,24,42,0.2111798984439231,4.346213369719771,1.0,0.004194366745650768,0.002736000000000003,0.0011963020397171467,0.048069416849971146,2.866149150804477,0.0,0.003160777036100626,0.14089884685540288,3.941545234976012,1.0,0.0016215507639572024,0.04238725036468093,2.740350618312409,0.0,0.0026974405627697706,0.3925822085210313,4.9662489639921175,1.0,0.008666794747114182,0.4319617406768706,5.061840021313865,1.0,0.004825270734727383
768,768-1,GOT10k,GOT-10k_Val_000169,d65b7aa8bd45a995035ddfb888d540536bb35940faaa11672bb106d40449c955,0.9187893317350914,True,22,40,0.3779633068845645,0.2881495292226608,0.0,0.0034199324436485767,0.28334,0.0010224391170197138,0.3481260872303648,0.20591714382884857,0.0,0.002955266274511814,0.3110879302251641,0.09342801610932,0.0,0.0013560305815190077,0.006598671025295079,-3.759779320998208,0.0,0.007235832512378693,0.7185007435156991,0.9305191503839005,1.0,0.0037886619102209806,0.505503093601093,0.5789065683740627,0.0,0.0017638710560277104
714,714-1,GOT10k,GOT-10k_Val_000115,3226b69f87f4e0ecb592f2cfa27c0fc47da795a19bc5657ade4d3f56a83119e3,0.9920186879501655,True,24,42,0.02696785281744344,-0.010187793136358685,0.0,0.0014860579976812005,0.027244000000000004,3.791413504406457e-05,0.03601708271048345,0.2791600322638026,0.0,0.001537876669317484,0.012131790137607608,-0.809004021954282,0.0,0.0016228221356868744,0.023291204112622893,-0.15675752997671905,0.0,0.0013204505667090416,0.020759413594227057,-0.27183350238654674,0.0,0.0019200991373509169,0.04263977350080492,0.44795415456958987,0.0,0.001029041362926364
601,601-1,GOT10k,GOT-10k_Val_000002,373d4e774cbd3169fd2c46066f49e05cd60210dba3e5e7c808a3513337448361,0.9753077880758058,True,22,40,0.09611920052929447,0.10037086784996148,0.0,0.008417414501309395,0.08694000000000002,0.0006936611118029026,0.10096734338358454,0.14957890616148503,1.0,0.0011079425457865,0.028509308654796336,-1.1149875721480293,0.0,0.010225420817732811,0.030514633900693644,-1.047011856991764,0.0,0.004347281064838171,0.2621615353128317,1.1037426352089792,0.0,0.006818180903792381,0.05844318904718586,-0.39716307057108874,0.0,0.01958824321627617
661,661-1,GOT10k,GOT-10k_Val_000062,fe155bf7d5bfc0decc0a98acc82246a1d38242197411b2dab1beaa3c3d3463b6,0.9372535766587812,True,15,20,0.02957888628344517,0.6710424348233012,0.0,0.002020833548158407,0.015119999999999998,6.831281099595283e-05,0.0013874488338333321,-2.388551681309407,0.0,0.0015410756459459662,0.029740497783978935,0.6764913080013035,0.0,0.0010846545919775963,0.0002918503154884092,-3.947532597089245,0.0,0.0028839758597314358,0.09776216896856203,1.8665193110927383,0.0,0.002787515986710787,0.01871246672735724,0.21317160089563778,0.0,0.0018069464713335037
672,672-1,GOT10k,GOT-10k_Val_000073,47076bba47e4772a55b946434e44a4168e913e4c14065771d70c3c341490cf8f,0.9507180714652077,True,15,20,0.0830268218942394,0.30297612080088254,0.0,0.0027651297859847546,0.06132499999999999,0.00017453135047122644,0.07312034528027107,0.17591905909455624,0.0,0.0012257228372618556,0.04615681322861636,-0.28414300783621826,0.0,0.0012325323186814785,0.01306532814712532,-1.5462255749833482,0.0,0.0071427286602556705,0.1803485092020361,1.0787035510329657,0.0,0.0025676260702311993,0.1024431205222616,0.5131201326738272,0.0,0.0016570374136790633
775,775-1,GOT10k,GOT-10k_Val_000176,3a4e03dad52512c4b892c881ecbec5b56fb34542594b42b9fd808c202893b48c,0.617292905846511,True,24,42,0.2445024027309747,1.3320949040394432,0.0,0.0018796701915562153,0.06453000000000002,0.0005724750253336196,0.17838452254000087,1.0168112273717733,0.0,0.0009675400797277689,0.20993323853859766,1.1796593365041126,1.0,0.0012408599723130465,0.028308487982642794,-0.8239685435528893,0.0,0.0011965754674747586,0.39568736966608686,1.813494196970567,1.0,0.004345880821347237,0.41019840394284385,1.8495107227586416,1.0,0.0016474949661642313
709,709-1,GOT10k,GOT-10k_Val_000110,75994bacdaa36959b39bb6585a60e9737a7aeb0d1208251473bf96228b6a2e5b,0.9766667069034197,True,24,42,0.27788716612942915,-0.26333177087587323,0.0,0.0018697937484830618,0.36160299999999995,0.000711118271294175,0.11384651135565506,-1.1556957753659303,0.0,0.000853992416523397,0.27575502559417797,-0.2710340417933719,0.0,0.0010096256155520678,0.12305462639019266,-1.0779185511686915,0.0,0.0008820831426419318,0.48101939693896223,0.2853606706253246,1.0,0.005373059306293726,0.3957602665747273,0.09026171555217512,1.0,0.0012302089016884565
647,647-1,GOT10k,GOT-10k_Val_000048,7d9e8f321de4649f0959d36773a350067f9e8dfd651137d4bc635e583c14670d,0.9819107368027772,True,24,42,0.19824642986428392,0.8632400851066373,0.0,0.0038149633910506964,0.083619,0.0007903542302075345,0.1258983834509154,0.4092043340274016,0.0,0.001773714553564787,0.07793730916491676,-0.07036599212376035,0.0,0.0019401867175474763,0.44152527730328867,1.663964504644798,1.0,0.0037740657571703196,0.16107803616320737,0.6556181772274665,0.0,0.009709646925330162,0.18479314314548406,0.7929662873327079,0.0,0.001877202419564128
677,677-1,GOT10k,GOT-10k_Val_000078,389ca3d9e7bf22c333d7d6043c6adf025937382e263c5cb3ec73dfa9bea8c9f5,0.6332041781457637,True,15,20,0.028415145074814782,0.12341718705571024,0.0,0.0032813814468681812,0.02511599999999999,8.436315622769826e-05,0.011950738755206289,-0.7427119962657976,0.0,0.0016112253069877625,0.022649171966591525,-0.10338179975744954,0.0,0.0022568972781300545,0.0012999774060268462,-2.961158208914754,0.0,0.006539703346788883,0.07356323877582324,1.0746403345501256,0.0,0.00359692657366395,0.03261259450990036,0.2611934551723002,0.0,0.0024021565914154053
658,658-1,GOT10k,GOT-10k_Val_000059,4168067f914b3abaa8b437371be92ed8a117b6fcf621de841ddc276634adf476,0.7772748403513494,True,24,42,0.037613444644802714,0.7130020417350533,0.0,0.0011434222105890512,0.01843700000000001,3.982112701023334e-05,0.012692781662946816,-0.3733260562051838,0.0,0.0009082704782485962,0.030800513144321744,0.5131718352824163,0.0,0.001116583589464426,0.001451772444622367,-2.541574329546927,0.0,0.0017704716883599758,0.09869081893867651,1.677632407153,0.0,0.0012021487345919013,0.04443133766258986,0.8795855085994599,0.0,0.0007196372025646269
726,726-1,GOT10k,GOT-10k_Val_000127,00148107d785a77c9bb3c22981250f9a15bcfe13539c57b3a33e5c77faac1816,0.9817888328312503,True,24,42,0.17185789704678783,0.9930172872586525,0.0,0.0011831254232674837,0.06366600000000001,0.00023257705538363817,0.07440014514523903,0.1558072245945035,0.0,0.0008697366574779153,0.08267664427691616,0.2612864789922589,0.0,0.0009542718762531877,0.09856658906467572,0.4370816827658946,0.0,0.0011491497280076146,0.3191703546683954,1.6120743192972233,1.0,0.001987399533390999,0.2844757692769896,1.4969974123188339,0.0,0.0009550689137540758
308,308-1,LaSOT,horse-8,d689ac6b986b15dbc8e0e5a2ceb92fb7d3250ac657f8bcae9f4f10469a0af788,0.8688402590611046,True,11,8,0.08845005226515232,-0.10585047711342038,0.0,0.005998663138598204,0.09832599999999997,0.00039331292762838724,0.08341057821323394,-0.16451335020888144,0.0,0.0017171282088384032,0.040451743043392885,-0.8881787547358666,0.0,0.004172148182988167,0.003474655021788261,-3.342793288836376,0.0,0.014500985853374004,0.1771222436860092,0.5885516478644547,0.0,0.007143618538975716,0.13779104790971053,0.3374499034789562,0.0,0.0024594315327703953
37,37-1,LaSOT,boat-10,5079b30f98f7f6002e0b844917f5b7837e14c82dcf362373723d8d04be06d4ee,0.9673779740004905,True,22,40,0.020937853692527836,2.0662446298964374,0.0,0.0010426961816847324,0.0026519999999999977,2.4862242869682617e-05,0.05000875521777192,2.936884022130991,0.0,0.0016646001022309065,0.0011395019998040512,-0.8447227476377436,0.0,0.0006908863433636725,0.00460958045141771,0.5528227721741688,0.0,0.0015085216145962477,0.03304681493051347,2.522611118089937,0.0,0.0006927935173735023,0.015884610292538983,1.790036662049331,0.0,0.000656679505482316
299,299-1,LaSOT,horse-15,d1cb151a101329c5b5cf04963d5bbc9a0284002aa285b83b14575535d222fdc2,0.9509442188734774,True,22,40,0.027266741668293258,0.7899893971529565,0.0,0.001209867186844349,0.012375,3.728139809843592e-05,0.012783209699669172,0.03245425917055586,0.0,0.0008196480921469629,0.012049559355666858,-0.02665021718116705,0.0,0.001364230876788497,0.043594763804140534,1.2592587384527956,0.0,0.002592669101431966,0.043538877003523525,1.2579759547251188,0.0,0.0008058645180426538,0.02436729715117254,0.6775636441752422,0.0,0.0004669226473197341
511,511-1,LaSOT,surfboard-4,95cf6ea03a83cc3bb45d529a9fe8b3c69a871024fa74bb18c099ee6f8b53e829,0.8569138704851464,True,22,40,0.04417794379502853,1.38047006477531,0.0,0.0033387397415935993,0.011108999999999997,0.0001183054725941853,0.003003885062716964,-1.3078491188421455,0.0,0.0035727291833609343,0.021910113820125397,0.6791927578881989,0.0,0.003131605451926589,0.004643975590145047,-0.8721847829911374,0.0,0.004700796213001013,0.13882813140523612,2.525481112767379,0.0,0.0024637505412101746,0.05250361578562265,1.5531264487335164,0.0,0.002824818715453148
248,248-1,LaSOT,goldfish-1,6581ff4682f9eb17fee5b7a4c94a0d68fbdc8500fa0051f2f88455eb519791db,0.34697769020530095,False,22,40,0.00615544323747833,-1.1419908220286876,0.0,0.09079586714506149,0.019285,0.0006852995366519751,0.0006897218443650653,-3.3307944784359913,0.0,0.05209561064839363,0.00016102338722467265,-4.785533253942359,0.0,0.1273844987154007,9.58002633384217e-05,-5.304817436833992,0.0,0.04844507947564125,0.022651880917170023,0.16091529952166095,0.0,0.11262246966362,0.007178789870447963,-0.9881967645251495,0.0,0.11343172192573547
287,287-1,LaSOT,hat-20,946bb1d0279789ef64e2ee6d760c3a668e193c3100a1a8c6a639ec8b5deaed1f,0.12510460251046024,False,11,15,0.13081363601543,3.259348230526706,1.0,0.008992968127131462,0.005025,0.0009384681475563134,0.030571583653688412,1.8056454847927326,0.0,0.0036280634813010693,0.20529860298532973,3.7100400653090544,1.0,0.00331874075345695,0.012754756657257667,0.931478819243019,0.0,0.015326246619224548,0.13627928180962792,3.3002808688721017,1.0,0.01808485947549343,0.26916393414907136,3.980895160663877,1.0,0.004606924951076508
146,146-1,LaSOT,dog-13,ec7076038dc444b3e9c854525b86c57b4e702d081c0a4a3d4b6b41f791fa698c,0.9175371549893843,True,22,40,0.12056158448083443,0.9579046572843919,0.0,0.0019026146037504077,0.046259,0.00020283187090497332,0.06627965891183396,0.3596270067528857,0.0,0.0013435110449790955,0.07706310425483155,0.5103685823726801,0.0,0.001672135666012764,0.02144212281147484,-0.7688986965914562,0.0,0.00316252326592803,0.21612542078210972,1.5416028513182247,1.0,0.002003809902817011,0.22189761086668935,1.5679600235470004,0.0,0.0013310934882611036
403,403-1,LaSOT,racing-5,cfb4932203fe45cd3d4827bf7ebd57546e87bfaf090b5d599e619b6c60839c3d,0.01238702573748681,False,11,20,0.031790721699502325,0.9136432051525136,0.0,0.002277217572554946,0.01275,6.694746846963339e-05,0.03915169137962163,1.1219123524437877,0.0,0.001534629613161087,0.0320895755771082,0.9229999574126704,0.0,0.0018751260358840227,0.011371731516274162,-0.11440068728589196,0.0,0.0032864210661500692,0.03357001381421462,0.9681019508921787,0.0,0.002552076242864132,0.042770592697924006,1.2103195083341087,0.0,0.002137834904715419
210,210-1,LaSOT,flag-5,a495f716453f76a65c4983e9215dae0a75ff922e8e8b33adf1f08e37b4928e9f,0.9292870625816756,True,22,40,0.2398301949101781,1.7848211478585765,0.0,0.0010513790184631944,0.040250000000000015,0.0002500855332388777,0.23369930011594936,1.7589252428787905,0.0,0.0006250473670661449,0.17463268595967452,1.4675748268294277,0.0,0.0005707693053409457,0.01735346939326119,-0.8413175524325828,0.0,0.0016446678200736642,0.4506938816708725,2.4156783505698676,1.0,0.001533667091280222,0.3227716557036132,2.0818351210662827,1.0,0.0008827432175166905
62,62-1,LaSOT,book-16,dabe0b2166cf59ce5060b31cd45cacf6619472de140dcec4a92f5e7f40d15a3c,0.964092502354091,True,22,40,0.1340922987114056,-0.29984711772371847,0.0,0.0033432049676775932,0.180978,0.00038349493890753295,0.08637606984735408,-0.7396648088294839,0.0,0.0007976264460012317,0.030422875879867965,-1.7831806554398026,0.0,0.0031565120443701744,0.04023913413643557,-1.5035354688412954,0.0,0.007537569385021925,0.35612877308493884,0.6769169106779814,1.0,0.0031558293849229813,0.1572946397265172,-0.14025474418796263,0.0,0.00206848606467247
66,66-1,LaSOT,book-2,8acb24c46a50a7865e9f5dd4199ebdf73fe842eeac658c40ac12d9a9e5f63670,0.9961290322580645,True,22,40,0.16102869218832716,-0.6959644930678198,0.0,0.00248277117498219,0.3229659999999999,0.0005374841375729733,0.05843324336286409,-1.709662090977709,0.0,0.0011663467157632113,0.11054949394423882,-1.072083724850054,0.0,0.0017257117433473468,0.069297368343788,-1.5391401238865254,0.0,0.0019107561092823744,0.32986499758254606,0.021136417998098282,0.0,0.005300890654325485,0.23699835990834137,-0.30949383363098903,1.0,0.002310151234269142
319,319-1,LaSOT,kite-18,675a46e0c315fdd505ff15f18c7e9b3d4bff5e514e1b1b381d0519e86f5be13f,0.0,False,22,40,0.10782209076344969,3.691685138414175,0.0,0.0922585129737854,0.0026880000000000003,0.011300169682081957,0.18563364197552204,4.234977641909448,1.0,0.12927386164665222,0.12681018162325033,3.8538939128319445,1.0,0.14850659668445587,0.0861331210698933,3.4670965962175733,0.0,0.04862514138221741,0.07021678423810754,3.262789951503928,0.0,0.019211430102586746,0.07031670882597568,3.264212026804687,0.0,0.11567552387714386
491,491-1,LaSOT,squirrel-20,01e40cbc91e2956be5cacad7020147c690cee075fa68f01d527955424a689f6c,0.34813925570228094,False,22,40,0.07846135271824899,2.522056548100056,0.0,0.002180019160732627,0.006300000000000002,0.0001650688185213408,0.01575071851817193,0.9163363510349773,0.0,0.002296441001817584,0.0695366745420732,2.4013046712460424,0.0,0.0018477215198799968,0.022352043391438203,1.266368110392892,0.0,0.002296444959938526,0.16925824159123007,3.2908759719876612,1.0,0.0017584948800504208,0.11540907894056293,2.9079333912436254,0.0,0.0027009928598999977
99,99-1,LaSOT,bus-3,f30714ab243f0c92b25c8cdd0df95440bdc0d0df3951d8dfda550cfe707d8dae,0.9539342141372956,True,22,40,0.24812817218939132,0.4586618769037626,0.0,0.002245361916720867,0.156849,0.0008208541446384349,0.15865349721886945,0.011439002298796325,1.0,0.000821687513962388,0.1763198328471709,0.11701601885741578,0.0,0.0017225915798917413,0.03746413303481905,-1.4318995362192781,0.0,0.0013744838070124388,0.5696646858637702,1.2897643582168754,1.0,0.005299938842654228,0.2985387045435367,0.6436160287911586,0.0,0.002008108887821436
64,64-1,LaSOT,book-18,69603408926d56d4ec8de44072715b5731b24a2a11e6063f6fdb90d09a62b5b6,0.9592978332957728,True,22,40,0.1301891088043316,-0.3097008025531873,0.0,0.004572879523038864,0.17745,0.0004579573244524175,0.016418147611676745,-2.380301594362851,0.0,0.005549867637455463,0.038861879264448826,-1.5186750764450694,0.0,0.0036648728419095278,0.02551820750519076,-1.9392966619075915,0.0,0.006774068810045719,0.48702582535224026,1.0096282720547909,0.0,0.0032479800283908844,0.08312148689306473,-0.7583856439501652,0.0,0.0036276057362556458
191,191-1,LaSOT,elephant-3,fca989e95a10f2b129ebabdf6d589e2446c812012614f2862bf4ffd43ed3fd46,0.5335624301495465,True,22,40,0.16965226842353529,0.18965431071075084,0.0,0.0012567290104925632,0.14034400000000002,0.00023181063546729154,0.10306117552878101,-0.308773802535491,0.0,0.00040386078762821853,0.11387841653687936,-0.20896519397758007,0.0,0.0007601274410262704,0.026543725013547684,-1.6653031778787917,0.0,0.002362172119319439,0.4107125805489308,1.0737971008336842,1.0,0.0019988049753010273,0.1940654470564975,0.3240989065060441,0.0,0.0007586796418763697
121,121-1,LaSOT,car-5,5b6eed2a2e727c54b790f3913c189b223ab97055d1666a2bbdb0150bfd15c39a,0.837568058076225,True,22,40,0.058651313136592484,1.3070534136770455,0.0,0.0015339611563831568,0.015871999999999994,6.454616952678675e-05,0.00737183072780011,-0.7668904725015284,0.0,0.001841602148488164,0.04401320179246364,1.019933079110334,0.0,0.001380604924634099,0.020424436400786502,0.25217549622609564,0.0,0.0025328651536256075,0.1378188546059187,2.161383624554729,0.0,0.0006741364486515522,0.08362823734177274,1.6618246797637102,0.0,0.0012405973393470049
160,160-1,LaSOT,dog-9,10bca50fb0facaa9fff5343822b6950376e279f0f59f049e15467bf772a22e97,0.0,False,22,40,0.056173268554274694,0.5616119401515789,0.0,0.0013094551395624876,0.032035,7.913525977985013e-05,0.021293906157792655,-0.40840811918711784,0.0,0.0008661661995574832,0.016076572083693463,-0.6894659929407954,0.0,0.0009476044215261936,0.002180299915184532,-2.687366611979945,0.0,0.0016744191525503993,0.04423557098728838,0.322700183804198,0.0,0.0015999109018594027,0.19707999517491553,1.8167806581019048,1.0,0.0014591754879802465
142,142-1,LaSOT,coin-9,3df322860aae6a74265417751d49be7684e3b2985908e4cfc61727e0f1583d86,0.7504690431519699,True,11,15,0.14189270801704548,3.2198820769244203,1.0,0.008063364773988724,0.005670000000000002,0.0010199169126489354,0.03543102259046572,1.8323986629979752,0.0,0.0018382841954007745,0.09942981341726118,2.8642628847269878,1.0,0.0025906097143888474,0.02604134468811608,1.5244963375960177,0.0,0.020267387852072716,0.26897973941433584,3.8594469408633025,1.0,0.011143121868371964,0.2795816374329646,3.898105216046184,1.0,0.004477419890463352
495,495-1,LaSOT,squirrel-8,a86d9d5113de562dfaf52099d4f215f5685bf940bb02fb16aef7ae9e4ff3728b,0.20783812742108299,False,22,40,0.12740176665932434,0.15471414831149427,0.0,0.0059374477714300156,0.10914,0.0007189550412144915,0.077350317032608,-0.3442867860711595,0.0,0.007574913091957569,0.06293451689836774,-0.5505366902438457,0.0,0.0051174163818359375,0.08685293205024992,-0.2284152097070327,0.0,0.006476840004324913,0.24338678160611776,0.8020204100327164,0.0,0.004852453246712685,0.1664842920649101,0.42226950125943885,0.0,0.00566561333835125
78,78-1,LaSOT,bottle-17,8c437d4efe588ccea1ae77d028326cecc2c7fe43a69116800bd711a1794be393,0.8233333333333334,True,22,40,0.10953217875864416,1.5401545635708669,0.0,0.0034334384836256504,0.023478000000000006,0.00031709606614613046,0.016686364344600343,-0.34147193286781746,0.0,0.003439703956246376,0.03678308111124527,0.44897417458819716,0.0,0.00310011045075953,0.019907310094422356,-0.1649768067509689,0.0,0.005290163680911064,0.33525848405036673,2.6588380160231817,1.0,0.0028880489990115166,0.13902564999098047,1.7785946359595808,0.0,0.0024491646327078342
100,100-1,LaSOT,bus-4,d88ec7fd420ffbb5d5350053792966343e32d0204605d757c9636f78b5e4c9a4,0.8474111953246279,True,22,40,0.258544456345917,0.36737463607416826,0.0,0.001812002738006413,0.17905499999999996,0.000502308117905489,0.15087742519388522,-0.17122526773349567,0.0,0.001459785271435976,0.2471722492217677,0.3223924376370085,0.0,0.001981686567887664,0.08606018536986479,-0.7326461398461965,0.0,0.0014731433475390077,0.432783490146207,0.8825445589772842,1.0,0.0020496034994721413,0.3758289268858891,0.741441036952745,0.0,0.0020957952365279198
435,435-1,LaSOT,sepia-18,3d5aa457673e1dced8f60c9ce2063648d5e4398e85e9e541ab45ea7f7906a8a1,0.9893617021276596,True,22,40,0.14727190785940064,0.6628902579016588,0.0,0.002769305370748043,0.07589800000000001,0.0004237404679938594,0.13173629282437682,0.5514118091320708,0.0,0.002894675126299262,0.11132302200174148,0.38304574967529786,0.0,0.0018231411231681705,0.0177777096198923,-1.4514449295840717,0.0,0.002945568412542343,0.24994797223545406,1.1918624515526797,1.0,0.003581203054636717,0.22557453857919435,1.0892603187535341,0.0,0.0026019385550171137
126,126-1,LaSOT,coin-10,2ffabad6e7be4d92984b647ff2c4c787693bdff9bcd6a37f9d71155f31eff19a,0.9405,True,22,40,0.17342501023952384,3.1824979430408824,1.0,0.002076782751828432,0.007194000000000002,0.0004514431526719244,0.08996179059365705,2.526137685951042,1.0,0.0009642734075896442,0.1594540267640655,3.0985083019500865,1.0,0.0010287705808877945,0.06667752497088325,2.2266205939071217,0.0,0.002328748581930995,0.3251841340366308,3.8111442428847906,1.0,0.004852555692195892,0.22584755131619635,3.446612874688247,1.0,0.0012095640413463116
503,503-1,LaSOT,surfboard-15,3c2bac5232392255536578158f1f1000ffed751ef4c7bfb566462a14a5b66caf,0.9550561797752809,True,22,40,0.00976359081041067,2.0162959791976225,0.0,0.002440938726067543,0.0012999999999999989,2.7298632331797182e-05,0.0047129780670627916,1.2879557297528552,0.0,0.0018159484025090933,0.005510901843458409,1.4443640192531082,0.0,0.0017808056436479092,4.153918786090795e-05,-3.4434822759653376,0.0,0.002585959155112505,0.016988840379267914,2.570192415753857,0.0,0.002588666742667556,0.021563694318532924,2.808646817475777,0.0,0.003433313686400652
307,307-1,LaSOT,horse-7,95b6eb09a76f11cb3295ee4ec40dc748c2ed53be8cbd7c9197d4a984a0934d8c,0.9746293510238885,True,22,40,0.22645579245999992,-0.02250517356304017,0.0,0.004571507219225168,0.23161,0.0005977528001400986,0.26715727205103046,0.14278259622724607,0.0,0.003584977239370346,0.21316273227381494,-0.08299904736509799,0.0,0.0021362057887017727,0.013231785355997297,-2.8624330060940997,0.0,0.012489760294556618,0.4437372268108055,0.6501776330640129,0.0,0.002027561655268073,0.19498993365733663,-0.17210698769841767,0.0,0.0026190346106886864
136,136-1,LaSOT,coin-20,5e10579867a50e636f0e29ff9cfc82adc1f8263ba022adc4235bdd1e380fde70,0.8883040935672515,True,11,15,0.027956029848248007,0.6358030503696079,0.0,0.004345262423157692,0.014803000000000005,0.00012705004886174654,0.0020905262172655065,-1.957414050049611,0.0,0.0016799599397927523,0.0024527964893053295,-1.797601065097795,0.0,0.0013231993652880192,0.0005515845657486354,-3.2897899772621133,0.0,0.011918657459318638,0.11642238421194842,2.0623949581042553,0.0,0.005069798789918423,0.018262857678439475,0.21003949935761215,0.0,0.0017346953973174095
166,166-1,LaSOT,electricfan-14,0dcbba9821b04b110b105355de676a18e68f4976ac6abd1c5ae70d8098f6dd19,0.7926341072858286,True,11,20,0.2548244560469757,0.7986036729579155,0.0,0.010249987244606018,0.11465999999999998,0.0027633639649233006,0.09495020377927817,-0.1886186440496458,0.0,0.0073179639875888824,0.18388514354118787,0.47234011533755443,1.0,0.00539746368303895,0.035662682004821256,-1.16786640741852,0.0,0.015494918450713158,0.5214636937327101,1.5146684256161034,0.0,0.01778842881321907,0.4381605808345493,1.3406142386163822,1.0,0.00525116641074419
481,481-1,LaSOT,squirrel-1,37b3aff9ebbf97072332b73238a98a814f4af1b733760d03ad1789eac47d478d,0.9705679466544033,True,22,40,0.013778770381197389,0.7573449248943439,0.0,0.0015554010169580579,0.006461000000000001,1.890759429694028e-05,0.00397084345705242,-0.4868055747470459,0.0,0.0011214872356504202,0.019520412752061532,1.1056766212704832,0.0,0.0016565260011702776,0.00020382705085466112,-3.456267539219207,0.0,0.002367214299738407,0.02661551881961874,1.4157103553630637,0.0,0.0010406982619315386,0.0185832509341411,1.0564765830490093,0.0,0.001591079169884324
591,591-1,LaSOT,zebra-17,f35a3c6ed6d30b620ab2e2576dc1529b9d0526d5732f4dab832e4d1d418b829c,0.9499601085048668,True,22,40,0.29435409974489013,1.227046569598322,0.0,0.001735952915623784,0.086292,0.0005796179872907415,0.12723237621627476,0.3882782546125592,0.0,0.0005805848049931228,0.15483125925730273,0.584598980048218,0.0,0.0017522337147966027,0.08494598153851744,-0.015721350752510268,0.0,0.0020384807139635086,0.5521052093586549,1.8560017308717314,1.0,0.002431604778394103,0.5526556672128924,1.8569982504108709,1.0,0.0018768608570098877
71,71-1,LaSOT,book-8,6c17de5b14b9f2be7f4367c10c26ea37e7a4c9994a6e683541528ca31f43e9d1,0.980803950722175,True,22,40,0.28657031383563836,-0.43987909434427463,1.0,0.0022600621450692415,0.444906,0.0007733919152380313,0.1511011381978226,-1.079913621902053,0.0,0.0012159206671640277,0.2901852815869786,-0.42734340290415096,1.0,0.0013869554968550801,0.11755238612708155,-1.330978950290942,0.0,0.001937591820023954,0.4957556507610792,0.10822014184584834,1.0,0.004221595358103514,0.37825712913136883,-0.16228882373637132,1.0,0.002538247499614954
5,5-1,LaSOT,basketball-17,9efa281fb3a69d4e1b7bc0df2f7279b3f8655bbf7d9362eb4f7a30f794f951d0,0.5848806366047745,True,22,40,0.006034009327795357,1.4811421573045958,0.0,0.005544142797589302,0.001372,3.662829667701755e-05,0.0022890390560310336,0.5118625740074269,0.0,0.0065253362990915775,0.00779954808063805,1.7377962643336227,0.0,0.005341312848031521,0.0002809852620481979,-1.585722588554595,0.0,0.00518165435642004,0.0055548955259379,1.3984100863991427,0.0,0.0031005265191197395,0.01424557899158448,2.340177083070058,0.0,0.007571881636977196
336,336-1,LaSOT,leopard-18,71c3054ea1504c7432452cc17cc2cb1067359c025181d84be34ee6e0e12c0fb7,0.06641086186540732,False,11,20,0.3608767524176868,-0.13336268529534004,0.0,0.009224910289049149,0.412361,0.0036342820808385077,0.5412686847679669,0.27201662094138096,0.0,0.008639136329293251,0.28062261206398476,-0.3848884301792356,0.0,0.007791913580149412,0.01592842581833418,-3.2537938789375156,0.0,0.0062326486222445965,0.4023076277018186,-0.024682140281515018,0.0,0.012525471858680248,0.564256432523828,0.31360963647278645,1.0,0.010935382917523384
281,281-1,LaSOT,hat-14,42b1b7494ec4eabfd710904a06ef8dcd9c7313e3e9b55071cc4d093789a17a36,0.6537842190016103,True,22,40,0.022780962358652616,1.16554876837634,0.0,0.0037145796231925488,0.007102,7.529485748455697e-05,0.0026600096368957016,-0.9820466888407301,0.0,0.006868717726320028,0.019730477843699048,1.0217881043637373,0.0,0.002931006718426943,0.0018893956621980762,-1.3241194120327728,0.0,0.002218799665570259,0.046461268247943374,1.8782425900799467,0.0,0.004024224821478128,0.04316365622203332,1.8046224154885215,0.0,0.002530149184167385
105,105-1,LaSOT,bus-9,3b7c76946480d05076571d3f0020f65c3165082d4bf0adf5449f0f190b8d1b19,0.985480943738657,True,22,40,0.06779489411300046,1.7523783568919982,0.0,0.0028565372340381145,0.011753,0.0001556673195648439,0.019264014516767927,0.4941302955451732,0.0,0.0029304735362529755,0.05410356014064513,1.5267914632028237,0.0,0.002310774754732847,0.004121454026827122,-1.047902506917794,0.0,0.005014246795326471,0.1632519644541759,2.631186274343382,1.0,0.002777544781565666,0.09823347342349589,2.1232385000197938,0.0,0.0012496467679738998
239,239-1,LaSOT,frog-18,2596010924a7dae01e7eb9b6b38700de99b0aed62e7522e99011f9ff69563f70,0.07385958795082091,False,11,15,0.0448300030041323,-0.0836429398367263,0.0,0.016655679792165756,0.04874099999999999,0.0004842221733530177,0.031335441091519305,-0.4417708047980025,0.0,0.0072191935032606125,0.05424024590395682,0.10690261223366293,0.0,0.00474120257422328,0.0025681816345200417,-2.943322451735966,0.0,0.04043108597397804,0.10504142833902033,0.7678342629349214,0.0,0.011845712549984455,0.03096471575981936,-0.4536722100697555,0.0,0.01904119923710823
472,472-1,LaSOT,skateboard-19,02e16dd064d32c5e73db1df98c67f2dc04d126152041bf8225ae1cc99f39ce78,0.7117405207857469,True,22,40,0.08805907656826778,1.6990644260022376,0.0,0.0012338892556726933,0.016102,0.00011429795520171598,0.060812200276703664,1.3288469434101005,0.0,0.0011534006334841251,0.08007803250195866,1.604058077670989,0.0,0.0009888634085655212,0.0021210645238535658,-2.0270253913277134,0.0,0.0012038814602419734,0.15950618593506052,2.2931392168869733,0.0,0.0014092603232711554,0.13777790011302948,2.1466994813018294,0.0,0.0014140399871394038
18,18-1,LaSOT,bird-11,e39e8c18b93953d5fbd6bf56ffbebdaaebfd274cec1e02605d909c47400e2e4b,0.5636578636184469,True,22,40,0.0640409276021435,0.3971136853520948,0.0,0.001900025294162333,0.04305200000000001,9.646414933204488e-05,0.038934551266958856,-0.10052662362357204,0.0,0.001874493551440537,0.04739596398535942,0.09612838968548526,0.0,0.0017647799104452133,0.0074251159686823665,-1.757540384157499,0.0,0.0027948752976953983,0.079006474668365,0.6071211195340153,0.0,0.002149641513824463,0.1474425372847209,1.231029834741998,0.0,0.0009163357317447662
493,493-1,LaSOT,squirrel-6,428ac04a9e6e4d655c5cd4b1e60801548a2ae7eca76a722c35b6d9e19195ac7c,0.792486231313926,True,22,40,0.06362695363271977,2.970083742723276,0.0,0.002636684337630868,0.0032639999999999974,0.00016406602657148377,0.019320687017563017,1.7782229509655434,0.0,0.0026277608703821898,0.042278786006569834,2.561332010303694,0.0,0.0029414822347462177,0.029226320256879528,2.192116244834843,0.0,0.00272739352658391,0.1531755115840583,3.848630961370828,0.0,0.0025709334295243025,0.07413345847232261,3.1229135246309676,0.0,0.0023158499971032143
499,499-1,LaSOT,surfboard-11,e096ad1b09eed49fbcacb3f0b61c4261f772419e228158e72d2d3b261af13b0a,0.5597852611029771,True,22,40,0.08296184429135182,3.41481205478446,1.0,0.0026009571738541126,0.002728000000000002,0.0001976515005280725,0.08041545019702992,3.383637584371788,1.0,0.003426865441724658,0.12540286348052332,3.827962722729808,1.0,0.0015026121400296688,0.02224025517430158,2.0983352029999827,0.0,0.003216416807845235,0.09443039236370487,3.5442942343598394,1.0,0.001964123221114278,0.09232027056753647,3.5216949935318222,1.0,0.0028947689570486546
578,578-1,LaSOT,umbrella-3,0d78c746941edb7e65a8bcfd82365da29d41b9fd6d3b533f0dffbee291f621aa,0.9866674687095845,True,11,15,0.198333165727756,-0.6052806674201312,0.0,0.0068051996640861034,0.3633,0.0006168643306472485,0.08517479045775894,-1.4505234358209984,0.0,0.0005239603924565017,0.11104428076833864,-1.1852998916236912,0.0,0.002042708219960332,0.003964179322100339,-4.517930086118546,0.0,0.026102179661393166,0.5433947484129964,0.40260709340664375,1.0,0.004674267023801804,0.24808782886701897,-0.3814461071006733,0.0,0.0006828891928307712
259,259-1,LaSOT,goldfish-7,703c44c2677f5fbc2accb32523be1b57fe46dfe56413162bdd7c079a6bf5244d,0.0,False,22,40,0.0497100376525894,2.497173029461883,0.0,0.0031739817932248116,0.004092000000000001,0.00017694848866422322,0.014779720169305805,1.284222134186883,0.0,0.0022608789149671793,0.04798775032624604,2.4619119287125164,0.0,0.002491943072527647,0.02775866601772607,1.9145142322780913,0.0,0.0017308315727859735,0.06486576337493957,2.7632861075368123,1.0,0.006740596145391464,0.09315828340746464,3.125266170473875,1.0,0.00264565902762115
34,34-1,LaSOT,bird-8,7256814adf52ce3eed411201b1955e25b0e1c9a2a2053453266dd16e97bb276c,0.9517702519834075,True,22,40,0.09334101312131926,0.700275655416193,0.0,0.006484946236014366,0.04633900000000001,0.0005585440645970228,0.020055822600804362,-0.837464423518924,0.0,0.00571089331060648,0.08050917325891553,0.5523871923166523,0.0,0.006715347524732351,0.014620255469423271,-1.153576011004832,0.0,0.008814765140414238,0.20639295517989664,1.4937979620019997,0.0,0.006293918937444687,0.14512686888691312,1.141624378566315,0.0,0.004889803938567638
270,270-1,LaSOT,hand-20,84f756dfe2b4121e10e5bf1c073718f01dc6b226ed9d599ca03ff6fa4f0dac4c,0.8642160540135033,True,22,40,0.3337745733359503,3.996292770911983,0.0,0.0011801068903878331,0.006135999999999998,0.00036303416054717043,0.14396841813553257,3.15542089295398,0.0,0.0006857689004391432,0.6084234106699995,4.596697974656147,1.0,0.00119208253454417,0.10219828915226124,2.812741873371392,0.0,0.002010839059948921,0.35127269921230153,4.047389778586916,1.0,0.001305361045524478,0.46301006684077434,4.323575732421573,1.0,0.000706483144313097
577,577-1,LaSOT,umbrella-20,dfde1eec211af8fc14f5f501054e580bb04851ed3bcdb267430d1a330bbabae1,0.9884628039525776,True,11,15,0.1588751254746737,-0.7503131969371989,0.0,0.0031505103688687086,0.336444,0.0004058256260585435,0.08248884364327785,-1.4057686605861852,0.0,0.001037969021126628,0.17992719253379152,-0.6258794330759515,0.0,0.0012838194379583001,0.009123341675841065,-3.6075955674177855,0.0,0.008208549581468105,0.3352961534606246,-0.0034175347436221602,0.0,0.00445497315376997,0.1875400980801007,-0.5844390372426415,0.0,0.0007672411156818271
565,565-1,LaSOT,train-8,18490429dcad43f9b029d310c68904fcbf4efc158ba9db9039764432dd16069a,0.7832167832167832,True,22,40,0.03427627920354714,2.9979601760038808,0.0,0.001577143557369709,0.0017099999999999984,5.4552862536977486e-05,0.0006721846413637416,-0.9337155827801126,0.0,0.001318103983066976,0.02805091039267133,2.797527716994165,1.0,0.0008265821961686015,0.026965531758684637,2.7580660784096676,0.0,0.0024316171184182167,0.04203853886420835,3.2020934190435706,1.0,0.0019177268259227276,0.07365422828574658,3.76288818127903,0.0,0.001391687081195414
460,460-1,LaSOT,sheep-7,d64c2944ba577d07319cad2eaf5b8f3b7f551de41f9ba25ef05d0e1d2cd84ed5,0.9797588285960379,True,22,40,0.00416273383385269,-0.17684531460149835,0.0,0.002083036582916975,0.004968000000000001,8.38803025592363e-06,0.005634604661196937,0.12590964267036692,0.0,0.0014947180170565844,0.0022262991876053277,-0.8026766948771803,0.0,0.0025155276525765657,0.0020893663448021474,-0.8661565089293041,0.0,0.0026366026140749454,0.0075112455910490835,0.4133839650549978,0.0,0.002350711729377508,0.0033521528754709294,-0.39341455581058915,0.0,0.001417622435837984
119,119-1,LaSOT,car-3,5eccaad083eece2acd649dbff0de977bbbfa3691df772f794d7a21767b6f0bab,0.9255891059798698,True,11,20,0.08251032435676081,0.9189645674856598,0.0,0.0016983679961413145,0.032916,0.00012592260693397063,0.06937460476494568,0.7455620132250397,0.0,0.0006603521178476512,0.07069549430642744,0.7644229793747318,0.0,0.000796403968706727,0.013208611941471464,-0.9130898250759778,0.0,0.0034349020570516586,0.14758871473978272,1.5004705890972567,1.0,0.0022293981164693832,0.11168420113602652,1.2217163941850848,0.0,0.0013707838952541351
509,509-1,LaSOT,surfboard-20,81d480ed48a78bb3516db0060ddf56479dba2c7b01251b758ed613b1f59d5d39,0.9515392546766829,True,22,40,0.008724267756332702,0.0668643708149727,0.0,0.005400253459811211,0.008159999999999999,1.732220580435923e-05,0.000987902229361098,-2.1114157132435047,0.0,0.0010613962076604366,0.005685337659209617,-0.361353648777488,0.0,0.002296347636729479,0.0008242820432966982,-2.292486691060772,0.0,0.01964731328189373,0.026506145788427672,1.178132453672117,0.0,0.0010585796553641558,0.00961767069998714,0.1643579354046938,0.0,0.002937630983069539
236,236-1,LaSOT,frog-13,0edd23c5db2acaed2fe5506c8f18a82dbd552f15cce36203157fa5c8d9abbdae,0.8566983190042345,True,11,20,0.32081503412373424,0.6126718809158646,0.0,0.005545748397707939,0.17385,0.0024069434102160373,0.3215539971107557,0.6149726248093602,0.0,0.000919243146199733,0.13622162201222093,-0.24390972541294795,0.0,0.0019812232349067926,0.008572126847377376,-3.0096769830778585,0.0,0.007926609367132187,0.7416297105592238,1.450657217777408,1.0,0.013621276244521141,0.39609767894091785,0.823467986376266,1.0,0.0032803884241729975
176,176-1,LaSOT,electricfan-7,eecb266bead95e1440c768baa85b419a732f043f4bb7e4f7b8749a15d77a87f0,0.837486325513553,True,11,20,0.2340913134489953,2.3830179529627866,0.0,0.0064882636070251465,0.021599999999999994,0.0015933519020592582,0.07663361576922904,1.2663425139529938,0.0,0.006382471416145563,0.29056870546964925,2.599146741279113,1.0,0.0025692875497043133,0.08215430011463351,1.3359058730931386,0.0,0.006028631702065468,0.3528641379025625,2.7933897896954565,1.0,0.012615643441677094,0.36823578411340946,2.8360301360063422,1.0,0.004845283925533295
209,209-1,LaSOT,flag-4,bf783b3792636cad8ce2994bffe86ff68864cdddbb2cfba07c0d6e5cab0a4899,0.926220542905439,True,22,40,0.22267203873252028,2.707902185983902,0.0,0.003230354515835643,0.014847,0.0009906824975183532,0.06913770365912293,1.5383023963900138,0.0,0.001299713272601366,0.14598465380501935,2.2857036806214124,1.0,0.0009431358776055276,0.03275080997306155,0.7911298691394505,0.0,0.0036665580701082945,0.46519072957735275,3.4446496679864054,1.0,0.007794291712343693,0.40029631812942446,3.294407243540264,1.0,0.002448073821142316
362,362-1,LaSOT,monkey-15,06ce56cab0fe5b6a467b3c4e15ae0407f0f921789c5e4eebcf6bba10d975f26f,0.8970392836510688,True,9,12,0.10193194497928025,0.008393101997754735,0.0,0.005285352468490601,0.10108,0.0004058277031246969,0.027004693923962805,-1.3199015825899973,0.0,0.0020400139037519693,0.058530358415972455,-0.5463667156071756,0.0,0.0026411351282149553,0.014905598941857317,-1.9141753722417727,0.0,0.01393805630505085,0.20818569218829275,0.7225181498215054,0.0,0.0058900900185108185,0.20103338482385502,0.687558705398079,0.0,0.0019174647750332952
475,475-1,LaSOT,skateboard-3,9e2dfbccec9bd26cb747086f5ee40307b4f93d080ecebe59962c8a0283552aa0,0.710804224207961,True,22,40,0.05419011408537634,3.5607160784349388,0.0,0.001670684083364904,0.0015400000000000023,0.00011221824243864512,0.017454504792345713,2.4278153531959648,0.0,0.0026509244926273823,0.027992424593493385,2.900151506911969,0.0,0.001029994455166161,0.009094931893609477,1.7759349071833008,0.0,0.001292215078137815,0.05247882784120746,3.528627392618011,0.0,0.0007168520241975784,0.16392988557666566,4.667656393011397,1.0,0.0026634340174496174
11,11-1,LaSOT,basketball-4,1bf709e6c9ac308038727535a5c0fd32180fcca28700f4d9db1248fd8c9dc17b,0.8935528927442475,True,22,40,0.026886859714229647,2.3058208862767855,0.0,0.001561031211167574,0.002679999999999998,4.7363845734187185e-05,0.0004511537857900861,-1.7817638036774872,0.0,0.001962845679372549,0.005865771572363882,0.7833172343202839,0.0,0.0016708214534446597,0.0036782578048816486,0.31662242297171206,0.0,0.001244229031726718,0.011063964728987772,1.4178766119267814,0.0,0.0010782999452203512,0.11337514713079508,3.7448854116474832,0.0,0.001848960411734879
446,446-1,LaSOT,sheep-10,5ed9f2a389becd773e81e644548fc6522e7acbc1d82b942a15139c926cdc4ec6,0.0,False,22,40,0.0026427055106312044,0.7002505165053364,0.0,0.0022194269113242626,0.0013120000000000004,5.325130103721804e-06,0.0009385294308885935,-0.33499375447146773,0.0,0.0013745761243626475,0.003243455340936781,0.905086534266488,0.0,0.0029013967141509056,0.0007158407193701716,-0.6058502862712655,0.0,0.0034971025306731462,0.004535297153294088,1.240337915329461,0.0,0.001133093610405922,0.0037804046272486456,1.0582783576264456,0.0,0.0021909652277827263
291,291-1,LaSOT,hat-7,b35f01bfd13b2aafe309a0486a716fceed8392950adc6bafff5fc893d3a0685a,0.9381962459942012,True,11,15,0.31059044700897653,0.7180875681314314,0.0,0.004965540021657944,0.15147000000000002,0.001052039251866995,0.22913401684423884,0.4139194732311775,0.0,0.002252034842967987,0.46415385069726905,1.1198284865071495,1.0,0.0021988165099173784,0.02099736285777326,-1.975990733902387,0.0,0.012955551967024803,0.48453471699131206,1.1628014985215944,1.0,0.006314580328762531,0.35413229286079884,0.8492829664294809,0.0,0.001106714946217835
232,232-1,LaSOT,fox-9,17a42c43ae09dbc4d83230be31ea47b9e3b41a6f34f656c6bb2ff3def1597e75,0.6426735218508998,True,22,40,0.14806176847970112,1.4036653449708383,0.0,0.0046998485922813416,0.036378,0.0007626413163486823,0.0454398554342211,0.2224253966249817,0.0,0.0036353571340441704,0.15488963401441463,1.448748628365024,0.0,0.00836934894323349,0.03796384813075856,0.04267014559380621,0.0,0.002443761331960559,0.2637212852777075,1.9809286115607565,1.0,0.0040181223303079605,0.23829421928199473,1.879541929339204,0.0,0.005032652989029884
237,237-1,LaSOT,frog-14,2147ddff99f650489600f8fd2dac8a350b19e54028e86fd2f698598f55120c48,0.99315888789573,True,22,40,0.0857004793885906,-1.0841976639892759,0.0,0.00361282704398036,0.253422,0.00025601710019270747,0.047503869162034286,-1.6742449196104956,0.0,0.0009666225523687899,0.10835012315458545,-0.849688218758142,0.0,0.002824631752446294,0.01675125383524729,-2.7165829720713788,0.0,0.007576720789074898,0.1728594927422379,-0.3825769995569012,0.0,0.002729457803070545,0.08303765630371955,-1.115761888060072,0.0,0.003966703079640865
377,377-1,LaSOT,pig-12,6fe18ec826e724066ea610fab3a10ad070ed7c6edef5d53841527a79e4be98da,0.8914547379305251,True,11,15,0.02027372663185465,0.778021902199381,0.0,0.0028389045037329197,0.009311999999999994,4.9345923309637184e-05,0.007656390703059147,-0.19576320587052665,0.0,0.0015801290282979608,0.009944352816240853,0.06570094290375997,0.0,0.0011148967314511538,0.0023587650338743687,-1.3731656996471406,0.0,0.005794650875031948,0.03129866526122669,1.2122715622364824,0.0,0.004039811436086893,0.05011045774218623,1.6829258326881111,0.0,0.0016650352627038956
1600,1600-1,TAO,val/ArgoVerse/cb0cba51-dfaf-34e9-a0c2-d931404c3dd8,61cf5c248121f49546035538917745913dbd3a238700c9eede613ebc3e12114f,0.03296703296703297,False,25,40,0.009013110399246215,5.4175560532575275,1.0,0.02525794506072998,4e-05,0.00021264438035680888,0.0017294909060001373,3.766702916082442,0.0,0.023971494287252426,0.005277892947196961,4.8824027799086505,0.0,0.024984637275338173,0.014042890071868897,5.86099204785728,1.0,0.021076714619994164,0.015926034450531007,5.98683098186393,1.0,0.01771688275039196,0.008089243173599244,5.309411000709448,1.0,0.038540009409189224
816,816-1,TAO,val/HACS/Playing_pool_v_Ezp2mNlD1S8_scene_0_0-5428,dfadab49c2159dabdb8d353a19b88ee68fbe192601d225a806371ce0b84d2338,0.8949942761993964,True,22,40,0.20199502015298348,1.7949677593218134,1.0,0.004310603719204664,0.033558,0.0014638804781168051,0.05754194955755711,0.5392389542608076,0.0,0.004046102985739708,0.28899804771741094,2.153144647719033,1.0,0.002446714323014021,0.012119664916730109,-1.018445951943006,0.0,0.00139094446785748,0.13426421971338803,1.3865343623651751,0.0,0.0018419604748487473,0.5170512454537506,2.7348667053290727,1.0,0.011827297508716583
906,906-1,TAO,val/HACS/Pole_vault_v_zDfBJ5JHtSo_scene_0_1874-3026,61b0fde9a93a359cc59a054af592a89b2f4ee0ea8db3a6f64001302aa67b339d,0.0,False,22,40,0.06993251284656099,-0.303985537840528,0.0,0.003383853007107973,0.094776,0.0001521130838157898,0.014170062944245387,-1.9003847168817258,0.0,0.004647981375455856,0.011102757110215244,-2.1443227468697583,0.0,0.002500127535313368,0.02415412542824117,-1.3670610219568673,0.0,0.005561312660574913,0.08805886178300876,-0.07351073787955496,0.0,0.002905419562011957,0.21217676003408004,0.8059034883689721,0.0,0.0013044234365224838
1162,1162-1,TAO,val/YFCC100M/v_7256f757c260c9be421575fbc1d7aeb9,1de67d72814a89e9a2ce9bfeb34dfeb892e2aac838c3af4564f2106688c0f8e9,0.9492841107508107,True,15,20,0.07683970787061263,-0.28225077684552524,0.0,0.00272908853366971,0.101898,0.00018880901123206664,0.017888242948809967,-1.7398286344059866,0.0,0.0021303961984813213,0.09252702862961451,-0.09647150971358515,0.0,0.0014149564085528255,0.008122413902657992,-2.5293449243031825,0.0,0.004989667795598507,0.21227706059735502,0.7339199980945734,0.0,0.0029055506456643343,0.053383791987765286,-0.6464651338846732,0.0,0.002204871503636241
782,782-1,TAO,val/YFCC100M/v_d6c861217f11c3b6a8e92e71b694b6,21b4b05e87af0849ad026c13fd84a68e376d54d29a9c4c65c905ffe65b12d158,0.9380952380952381,True,15,20,0.16871388618102645,1.3677951937807018,0.0,0.0036205085925757885,0.04296599999999999,0.0005985637675692782,0.05068208990323338,0.16516348658807686,0.0,0.0033847785089164972,0.20797304288441082,1.5769993645322025,1.0,0.0014615260297432542,0.042018942162026715,-0.02228858478338172,0.0,0.004688342101871967,0.26626226874905984,1.824072690517811,0.0,0.004806701093912125,0.27663309710187894,1.8622829637315546,0.0,0.0037611944135278463
1328,1328-1,TAO,val/LaSOT/kite-12,b66704f6ec12fac4a23419e4faf791f60f25f97fb817b74d87bfa1cade83cdf1,0.7374301675977654,True,22,40,0.006473847668035887,0.1099127078688383,0.0,0.006164399906992912,0.005799999999999999,3.709084500520044e-05,0.0007741268914218378,-2.013877393976396,0.0,0.005848080851137638,0.0029988807939458633,-0.6596187671764104,0.0,0.005108613520860672,0.00010901218651451925,-3.974153517669346,0.0,0.0094316890463233,0.009556936419336123,0.4994092999247871,0.0,0.003513424890115857,0.01893028266765177,1.1829049798157867,0.0,0.006920192390680313
1571,1571-1,TAO,val/HACS/Throwing_darts_v_tS8_PFJtWOU,089764288aff4ea1975fe81b1188e87df7231302361978c5959901cf9616eb09,0.9695315447262721,True,22,40,0.13623818435548674,0.8237670091654514,0.0,0.007684418465942144,0.059778000000000005,0.0008094134652356869,0.12274255527772499,0.7194514150759668,0.0,0.003866087179630995,0.026662539875342773,-0.8073781209353886,0.0,0.012343254871666431,0.020117284927998098,-1.0890583081014642,0.0,0.009542679414153099,0.34731344495635547,1.7595899715125687,1.0,0.005296659655869007,0.16435511562333835,1.0113917257319855,0.0,0.007373408880084753
1743,1743-1,TAO,val/Charades/UMUBT,353edafc58a381ad718d553b578d69037be1852256965d74f31c61e9777218db,0.9397199896292455,True,22,40,0.11366109009371941,-1.0193515121728114,0.0,0.01207688543945551,0.31500000000000006,0.0007651437992461701,0.1547252754161565,-0.7109215111652338,0.0,0.005965680815279484,0.11846182055142891,-0.9779819196040345,0.0,0.009157726541161537,0.011544889180764385,-3.306329794959624,0.0,0.034209705889225006,0.1611494194039551,-0.6702406334006169,0.0,0.0018061380833387375,0.12242404884592815,-0.9450818105471706,0.0,0.009245169349014759
1154,1154-1,TAO,val/YFCC100M/v_db5b8c53e4af4b5fdca1177907c56a5,5a0d7f067302782e0cb6ff9196be197f619b61dc2feeaabf38a9340f40ae2804,0.6212585497187055,True,20,15,0.13231453272624713,-0.47261118149571135,0.0,0.006706031505018473,0.21225599999999997,0.0004002423056742625,0.030652283659333784,-1.9350859260910076,0.0,0.001986949471756816,0.12809433324328856,-0.5050261223956108,0.0,0.0012058301363140345,0.008786726339811753,-3.1845508810709027,0.0,0.0240999236702919,0.3654871934080675,0.5434381466776045,0.0,0.0032593298237770796,0.12855213015787703,-0.5014585891121635,0.0,0.0029781244229525328
1374,1374-1,TAO,val/LaSOT/monkey-13,85090b52422086eb0de127de40c82c569368d10366e29de957424f2af525ed60,0.9825704512135527,True,22,40,0.13926834080129463,-0.7159181635774922,0.0,0.0021541318856179714,0.28495200000000004,0.00033624161072485245,0.03718710535871847,-2.0363586739845907,0.0,0.0013942548539489508,0.04025964888400489,-1.9569710460699852,0.0,0.0015514276456087828,0.008025244368951983,-3.5697286255193936,0.0,0.0035927067510783672,0.44182376381875044,0.43859033314242324,0.0,0.00301571236923337,0.1690459403803922,-0.5221502304790255,0.0,0.0012165573425590992
1514,1514-1,TAO,val/LaSOT/volleyball-7,ab8704c4b55c6f08962148f01999e21bb0e101a420ea43ac13ae609adea1e1c5,0.9879340840236065,True,22,40,0.29756242846150033,1.2227060716777216,0.0,0.006650927010923624,0.08761200000000001,0.0015849485260494376,0.1145377526606522,0.267986511347737,0.0,0.003107161959633231,0.4153211233600037,1.5561340373755879,1.0,0.0050195688381791115,0.028088657130963934,-1.1375521408349978,0.0,0.01455118041485548,0.7125192258262348,2.0958889205325733,1.0,0.005607317667454481,0.21734538577690699,0.9085697528876786,0.0,0.00496940640732646
976,976-1,TAO,val/HACS/Getting_a_piercing_v_jOjoYEgwa9I_scene_0_0-2637,404290b56ba952e21dfe9f4b1fc78ada3e01ac014b171c1706c5147dc6db4353,0.9868923886424965,True,22,40,0.21451271511045697,0.34759858816099415,0.0,0.009474650025367737,0.15152799999999997,0.0009844628781096336,0.1195364252781856,-0.23714928738584312,0.0,0.005738097708672285,0.030362700965518487,-1.6075555131754813,0.0,0.005024235229939222,0.01124030249118207,-2.601264670224143,0.0,0.02877933159470558,0.6844475729868067,1.5078416237487418,1.0,0.004334216937422752,0.22697657163377313,0.40407637713878963,0.0,0.003497368423268199
1639,1639-1,TAO,val/Charades/HAIVQ,967c85f8149bfc18b38acdf7ce57269369181ec9315858fc9628b2811bb05577,0.9854531621992091,True,40,22,0.20703544486083095,-0.13067057198851784,0.0,0.003590606153011322,0.23593599999999998,0.0007742123787391474,0.09337748081173605,-0.9269103704422778,0.0,0.004442521370947361,0.25522399613699054,0.078580993992932,0.0,0.003094575833529234,0.07514557552095397,-1.1441333426448157,0.0,0.0020327125675976276,0.2721865170720266,0.14292697401662663,0.0,0.004925409331917763,0.33924370095749384,0.36315814918191464,0.0,0.0034578123595565557
863,863-1,TAO,val/HACS/Mooping_floor_v_f23CmkPr38w_scene_0_19-4664,7b4e7e3749406b377d2dd4345c0cfcc7b8ae3a3f7e00bb5d87e64634cc7821a2,0.9678966344080456,True,22,40,0.2345508703022362,-0.025047594259212453,0.0,0.001154651865363121,0.2405,0.0003412833382638993,0.1424339800366607,-0.5238414951811294,0.0,0.000867630762513727,0.15377515281185897,-0.4472286007151912,0.0,0.0007330308435484767,0.04072692860026578,-1.7758305795119445,0.0,0.0012874669628217816,0.5604035780218735,0.8459371096608819,1.0,0.002186304423958063,0.27541471173271526,0.13555791483073754,0.0,0.0006988270906731486
1065,1065-1,TAO,val/BDD/b3d6c39a-0a14df0d,f326c8c96598f84593130d8534fa01fecfcf9aecbd94c6199c4d4d8e36364b09,0.6215060835251562,True,22,40,0.025702585122883318,4.389155751478828,0.0,0.006361670792102814,0.0003190000000000002,0.00011597055293232684,0.002880440565245226,2.2005074326892915,0.0,0.0013575636548921466,0.029600113312276077,4.530342365637415,0.0,0.0022452508565038443,3.148023818765068e-05,-2.3158311129475364,0.0,0.020541762933135033,0.006961843750365078,3.083008522123695,0.0,0.002114335773512721,0.08903904751747846,5.631639185864311,1.0,0.005549434572458267
1346,1346-1,TAO,val/LaSOT/deer-17,772f3f3c66b1bc8c93025b6ca3f4f5d7af3a5c54a76e49ac7e3a4c38968718f7,0.9768550034036759,True,22,40,0.17825549545481512,0.5822565476461711,0.0,0.0011626689229160547,0.09958000000000002,0.0001788752620024509,0.18269530118373592,0.6068584030856934,0.0,0.0003552442940417677,0.15514749888240598,0.4434149289084926,0.0,0.0006074755801819265,0.027864023566026564,-1.2736249623989515,0.0,0.0023356059100478888,0.2752938835479564,1.0168778532810905,1.0,0.0016267418395727873,0.25027676876389593,0.9216060393481115,0.0,0.000888276903424412
1158,1158-1,TAO,val/YFCC100M/v_c2daf1a8b626f2459a4428c493a6f55,2a64abb8e80f53928a3ef9b0a728e45caf5d30434b144363a138b34b9c921bcf,0.9325890940317733,True,15,20,0.33751845859533935,0.1824118036204025,0.0,0.0031592142768204212,0.28124,0.0011248268221783393,0.401813449816485,0.35677952839825844,0.0,0.0023720029275864363,0.2761176811353798,-0.018381241563037574,0.0,0.0012083158362656832,0.080571251796664,-1.2500664889036572,0.0,0.003713587298989296,0.4930218831178136,0.5613451633895343,1.0,0.005805812776088715,0.436068030023529,0.4385898660103792,0.0,0.0026963520795106888
1442,1442-1,TAO,val/LaSOT/giraffe-8,bc8c9fb7186a461d5e12d3b0377767bb3dca0476efab71c24c9a97c9b6aaca31,0.917610710607621,True,22,40,0.09064398090405565,-0.14953194464068667,0.0,0.007277985103428364,0.105264,0.00045780105537378165,0.1112250801333342,0.0550844168097386,0.0,0.0025270760525017977,0.09256819966058219,-0.12852581386476958,0.0,0.005725126713514328,0.0197196452573645,-1.6748561203084158,0.0,0.01564500853419304,0.1787214458799931,0.5293569451414407,0.0,0.004168794024735689,0.05098553365048945,-0.724929541768668,0.0,0.008323919028043747
1174,1174-1,TAO,val/ArgoVerse/side_left_da734d26-8229-383f-b685-8086e58d1e05,383ec14fba91ec2129cb2976f930a1db826edc5a7dcc59dc7564a71ee1cfce84,0.9904077948014484,True,25,40,0.22718153025124685,2.4764799914906543,0.0,0.003958451095968485,0.019091999999999998,0.0010050503292686965,0.5912437487535471,3.432958967673909,1.0,0.005709256511181593,0.17987808147008216,2.2430098970920285,0.0,0.002990314271301031,0.013968455612780418,-0.3124677822521656,0.0,0.00508070457726717,0.1254883683109483,1.8829436723515858,0.0,0.0031434642150998116,0.22532900972439163,2.4682922004334733,0.0,0.0028685149736702442
935,935-1,TAO,val/HACS/Doing_step_aerobics_v_wlK6Uv0v894_scene_0_0-1447,efc4fd83580b496645d662091f36ac934fd2e12c2213f2386d598f61373f186a,0.6404741744284504,True,22,40,0.27653585930715996,4.422074560238894,0.0,0.005523840896785259,0.003320999999999998,0.001780179327260476,0.13747552170038094,3.723179934866635,0.0,0.0015923951286822557,0.30683629665824297,4.526048427331001,0.0,0.00857759639620781,0.22051981845325602,4.195721628059966,1.0,0.00240493705496192,0.37632706621833933,4.730192679852635,1.0,0.0109691321849823,0.34152059738045265,4.633142049235029,1.0,0.004075144417583942
1164,1164-1,TAO,val/YFCC100M/v_6ef1b0ded4a64877c9843d40278b8085,b636c9aa7fe900adb0752e66f06a69d0f2857200eb93e7b7d1d478447e911eb7,0.42489044697633654,False,15,20,0.5682775248162143,3.2149725549896413,1.0,0.04273437708616257,0.022819999999999993,0.026814286696962487,0.5127555903707799,3.1121619551812714,1.0,0.00906703993678093,0.6657336993509598,3.3732523953204185,1.0,0.03516268730163574,0.2917431470871306,2.548236437466739,0.0,0.024904889985919,0.7850412830787246,3.5380989618748817,1.0,0.07053893059492111,0.5861139612521656,3.2458768993621985,1.0,0.0739983543753624
1436,1436-1,TAO,val/LaSOT/lion-18,fe403be1803c9368806aab670ba129a238e23f9621c0fcf99f38a8d679c36aca,0.0,False,22,40,0.24916195196047428,3.363554080353307,1.0,0.010255579836666584,0.008624,0.0030392997475248485,0.015876764311145524,0.6103076621467306,0.0,0.0031036052387207747,0.28680747409639884,3.504262154527485,1.0,0.013639413751661777,0.4264664870168491,3.9009847729294758,1.0,0.009990546852350235,0.33998596400216224,3.6743553202448447,1.0,0.01615537703037262,0.1766730403858423,3.0197517807163448,0.0,0.008388958871364594
1597,1597-1,TAO,val/ArgoVerse/21e37598-52d4-345c-8ef9-03ae19615d3d,b1ed6af5f6e0487b7fb81c326370a162792c2558cc87986a917f7becff7d60ad,0.7860215053763441,True,25,40,0.05950379757983319,2.1304625809285596,0.0,0.009831156581640244,0.0070680000000000005,0.00044389301135686006,0.0033797415743001694,-0.7377783051931738,0.0,0.01302606612443924,0.01289989178441465,0.6016413680699243,0.0,0.010025251656770706,0.021444402553017425,1.109886103623074,0.0,0.011261187493801117,0.16497414676209154,3.150211220876197,0.0,0.005661517381668091,0.09482080164631043,2.596411257381864,0.0,0.009181763976812363
1460,1460-1,TAO,val/LaSOT/turtle-12,c292455d7b3cee9344bfb94a78638ed25fd73a3dc830213f043f6eeefc1bbef2,0.9419651141213583,True,22,40,0.018858143893210208,0.11747254922945029,0.0,0.0011294547002762556,0.016767999999999995,1.9600289800211804e-05,0.011517972670221456,-0.37556365184551804,0.0,0.0013160567032173276,0.010581239491596348,-0.46038973435534136,0.0,0.0009735125349834561,0.0014058838203817132,-2.4788061494717715,0.0,0.0012999027967453003,0.04014040458976755,0.8729111146448209,0.0,0.0008059748215600848,0.030645220273181315,0.6030043966727681,0.0,0.001251826761290431
1754,1754-1,TAO,val/Charades/4KWJ4,041cb010a384c50255e2c95a2366a77788d30e1c952de93ca0313781dc04745c,0.9689320388349515,True,22,40,0.34151025362963083,-0.25566717161696784,0.0,0.011199390515685081,0.441,0.0019394325604633832,0.354350757603421,-0.2187576121840589,0.0,0.00290656671859324,0.40729407210341373,-0.07950941502700982,0.0,0.0040778592228889465,0.013700498677539717,-3.4716126434548067,0.0,0.03509325534105301,0.6778599235878983,0.429895788770607,0.0,0.007048705592751503,0.25434600787184536,-0.5503492997136882,0.0,0.006870564538985491
1634,1634-1,TAO,val/Charades/SW64W,10480dd81f39d48e8496ee09d5519bee01c7fc2fef9f1cbe973d4f2df6e9ca22,0.9781749072740091,True,22,40,0.3038580844578444,-0.14400321158156018,0.0,0.0085888197645545,0.35092200000000007,0.0016787440672891153,0.1782105461266087,-0.6775982818567347,0.0,0.003655345644801855,0.41604995596840755,0.1702413629653522,0.0,0.007459024898707867,0.014263888454316396,-3.2028329161027456,0.0,0.022241370752453804,0.5671705001329632,0.4800959876781022,0.0,0.0045944564044475555,0.34359551818536116,-0.02109883022161416,0.0,0.004993905778974295
1761,1761-1,TAO,val/Charades/R08G9,e61fc2049bb16f2709cf50d4360228a20dc5b1652afb6183c875403dc7dab1f6,0.986747375717964,True,22,40,0.28062127126807723,-0.24391800024107552,0.0,0.008393432013690472,0.35813999999999996,0.0011527153223989783,0.4904035107385105,0.31430457211621055,1.0,0.004727254156023264,0.23804481959661208,-0.4084649978338543,0.0,0.0037219510413706303,0.007798553197875858,-3.8269857423698053,0.0,0.026015836745500565,0.4870671783318372,0.30747808534721405,0.0,0.0032791991252452135,0.17979227740792347,-0.6891218013061761,0.0,0.004222913645207882
1138,1138-1,TAO,val/YFCC100M/v_5b68dad8411a2b81e669728b7f60e3a8,3663375d1c57aafc71f00aabaae009ce73aa492dadb69201ab1af56e1b48fc93,0.9784866073805847,True,15,20,0.01931649737499174,-1.2596505215017113,0.0,0.006194374058395624,0.06807499999999998,0.00010679221090609194,0.004380101616117827,-2.7435381144136834,0.0,0.0027066520415246487,0.00537721920478907,-2.5384386744460596,0.0,0.002053575124591589,0.00029642405875091526,-5.436574257539242,0.0,0.011137770488858223,0.08521364730464119,0.22455156207999838,0.0,0.0058158100582659245,0.001315094906985905,-3.9467012029215573,0.0,0.009258061647415161
842,842-1,TAO,val/HACS/Changing_car_wheel_v_YoJxVl_hUWg_scene_0_68-1687,aa4ae767e390575ba7c3ba78505ebf25c8384772828732f3b1a3bb9c7e831bef,0.9985422740524781,True,22,40,0.2341804445297086,-0.278303788282324,0.0,0.012552070431411266,0.309326,0.0018008806527535833,0.13066952261355053,-0.8617243293206723,0.0,0.0032245712354779243,0.12145353670555968,-0.9348639612447938,0.0,0.003659571520984173,0.01499052463983582,-3.026977426116546,0.0,0.039559002965688705,0.6307405366329056,0.7124988471116179,1.0,0.008639238774776459,0.2730481026618136,-0.1247477570505797,0.0,0.007677965331822634
1327,1327-1,TAO,val/LaSOT/swing-20,32882707dc20a0d0a5a827f3ddaa07df285330dff4523a2462bbbd139bd7f218,0.9054541558024074,True,22,40,0.19716172067271076,0.9206199985443948,0.0,0.0016535246977582574,0.078524,0.0003934762879215423,0.10302216488555481,0.2715398475967816,0.0,0.0008637994178570807,0.14118123607651212,0.5866401167062893,0.0,0.0011830751318484545,0.13879982562847187,0.569628481247107,0.0,0.00207655131816864,0.3971803508610115,1.6209861512702017,1.0,0.00298079545609653,0.20562501374378855,0.9626498778129405,0.0,0.0011634022230282426
1383,1383-1,TAO,val/LaSOT/giraffe-15,3b048c146eb78a1b3fab0e2e7b7ef7a5425d8df895166d8db2d22e64091a1737,0.9647093966032261,True,22,40,0.2197962254611357,2.4831257921129555,0.0,0.00754597457125783,0.018349,0.0013936953908390826,0.09692789704551834,1.6643922955666188,0.0,0.007646071258932352,0.12604853392120924,1.9270919455329627,0.0,0.010967505164444447,0.016272790371567463,-0.12008066648559192,0.0,0.008344252593815327,0.4108196661275253,3.108579272560166,1.0,0.003322566393762827,0.4489122831015943,3.197252430978561,1.0,0.0074494765140116215
923,923-1,TAO,val/HACS/Spinning_v_8rhkybFaad4_scene_0_0-3734,43fa2fea2bc2f5e5bc94e44a75db8c1937727212cd00ac2affd0feab00e44251,0.3570393104348962,False,22,40,0.22980953018751693,2.061918420747842,0.0,0.01219974085688591,0.029234,0.0017809537626020215,0.0976531816507817,1.2060898235140638,0.0,0.004756515845656395,0.48653440947030674,2.8119752122709776,0.0,0.006925331428647041,0.027107777548852498,-0.07551173433386589,0.0,0.03557130694389343,0.16786336645525532,1.7478179381232317,0.0,0.004839565604925156,0.3698889326534354,2.537870363089787,0.0,0.008905978873372078
1765,1765-1,TAO,val/Charades/2KGV3,ad647da86df5f9654c04b4b255854901e9bbfc906cbc0964a3ab29692d00f461,0.9694193093142952,True,22,40,0.2628289829706956,0.07893607159883584,0.0,0.005645806901156902,0.24288,0.0013852489146427304,0.21833739595087218,-0.10652594000466376,0.0,0.0030430671758949757,0.35066593604450247,0.3672665268968278,1.0,0.0030123735778033733,0.039673092537356416,-1.8118943061438229,0.0,0.00913013331592083,0.4129095423341625,0.530661048938836,0.0,0.008535814471542835,0.29255897136049536,0.186098763632654,0.0,0.004507646895945072
1282,1282-1,TAO,val/AVA/Ekwy7wzLfjc_scene_10_52631-55141,14a70163e4647a2c199372dc8b25498bab1288f95aae5a8cea7486dc1ee278d8,0.9589333391892807,True,24,42,0.016728307686371208,-0.744625313002065,0.0,0.005274251103401184,0.03522400000000001,5.442573592482137e-05,0.013540152187742691,-0.956068161169663,0.0,0.003970711957663298,0.004223066027287118,-2.1211662574623498,0.0,0.003751263255253434,0.00443574597494326,-2.072031865045206,0.0,0.01395619660615921,0.03672286792363236,0.041671996744430236,0.0,0.0020498749800026417,0.024719706286687702,-0.3541269175410345,0.0,0.002643209882080555
1197,1197-1,TAO,val/ArgoVerse/side_right_230970eb-dc2e-3133-b252-ff3c6f5d4284,3990a35d7310dee19eecc5966062c7635fa7314082850ea3b6064ee60be56153,0.813301282051282,True,25,40,0.11555617454781894,2.525133219924336,0.0,0.0054251654073596,0.00925,0.0007058120471497101,0.0193535737898128,0.7382535428779828,0.0,0.006280098110437393,0.1465470431285212,2.762722938892145,0.0,0.006207828409969807,0.1359020103862349,2.687310562652375,0.0,0.005364121403545141,0.061975300224730745,1.9021123706728957,0.0,0.0014196921838447452,0.21400295230436317,3.1413662592171376,0.0,0.007854089140892029
1012,1012-1,TAO,val/BDD/b3967d1b-2ff5c0ef,5fff30cc06596e0378a7879c977ee0de560df52e4a7c47069d69fe1eccb09bf5,0.0,False,22,40,0.02047071664426476,-1.3484250737339212,0.0,0.0053847236558794975,0.07884,0.00011588355443386941,0.011611259301470887,-1.9154452254912118,0.0,0.006129777990281582,0.004671691176207515,-2.82589933992634,0.0,0.005446030758321285,0.0005328453558868204,-4.996944518248406,0.0,0.0033587163779884577,0.05310138305853471,-0.3952175080757366,0.0,0.004458191804587841,0.03243640513972205,-0.8881390748460646,0.0,0.0075309001840651035
1166,1166-1,TAO,val/YFCC100M/v_e5d292a6a2a5bd9d2a38758130bde494,a9fc25e010e0a449e0d800a47a13ace661c96c8e27e1378b3f5c0850d4616f6c,0.0,False,15,20,0.004864005779843137,-1.4054344617796108,0.0,0.010701361112296581,0.019832,2.9674529966472543e-05,0.00036754819695015615,-3.9881976154976133,0.0,0.005762608256191015,0.003142151474795537,-1.8423890463875634,0.0,0.003996782936155796,3.724629950895633e-05,-6.277499475865646,0.0,0.018640201538801193,0.01898909974190756,-0.04343167798833478,0.0,0.0051270220428705215,0.0017839824060320096,-2.408448622713383,0.0,0.019980188459157944
1438,1438-1,TAO,val/LaSOT/surfboard-17,9aecb654d4886dded4b4165e7886958c8131fbd9b23c176b516f2c71227022ac,0.967582281613462,True,22,40,0.0039851836398988975,0.8519551429033977,0.0,0.00362303014844656,0.0017000000000000003,1.18515271258974e-05,0.0012928117538942025,-0.27380875050707854,0.0,0.003464834298938513,0.003193813984990121,0.6305875581461969,0.0,0.003125960472971201,0.0004169746784266318,-1.40535803328676,0.0,0.006104057189077139,0.003848055606409908,0.8169397323671042,0.0,0.0025004143826663494,0.011174261761158709,1.8829848256140167,0.0,0.002919884165748954
919,919-1,TAO,val/HACS/Belly_dance_v_OALIPnuUqFw_scene_0_1815-2965,dd2a66f994040dddc08259da61029c0cd02581cade2368f9379e23639e85a150,0.9598948000655224,True,22,40,0.06641368865602185,2.022060972592318,0.0,0.001993900630623102,0.008792,0.00020733567352603316,0.010136252094918202,0.14227609685115009,0.0,0.0012338429223746061,0.047372365539154276,1.6841968360828454,1.0,0.001077474793419242,0.0002623024234261539,-3.5120993701143317,0.0,0.0011445528361946344,0.1656523724896761,2.9360492338461333,1.0,0.004651243332773447,0.10864515472530463,2.514244893349515,1.0,0.0018623893847689033
1564,1564-1,TAO,val/LaSOT/kite-1,4f8dd7df9741b569ccefe49e6aec247e87ea1b757f30c177e51892125e99ae8b,0.8888888888888888,True,22,40,0.030985579730123274,2.132785453505753,0.0,0.007522444240748882,0.003671999999999999,0.00018683291799853526,0.0019523772273308709,-0.63168875173166,0.0,0.006495124194771051,0.037850669440720214,2.3329121936456945,0.0,0.005516044329851866,0.010306884497876739,1.0320755970510995,0.0,0.01441151462495327,0.06116096702948212,2.8127727196472403,0.0,0.004322348162531853,0.043657001208458085,2.4756271909028857,0.0,0.006867188960313797
