scope,role,head_authority,method,metric,outcome,mean,n
evaluation,Q→Q,R003 Query Top5,L20H15,pointing,correct,0.9688995215311005,418
evaluation,Q→Q,R003 Query Top5,L20H15,pointing,error,0.08943089430894309,123
evaluation,Q→Q,R003 Query Top5,L20H15,s50_fiou,correct,0.23301549187134551,418
evaluation,Q→Q,R003 Query Top5,L20H15,s50_fiou,error,0.008773073396997637,123
evaluation,Q→Q,R003 Query Top5,L20H15,s30_iou,correct,0.2838641961873699,418
evaluation,Q→Q,R003 Query Top5,L20H15,s30_iou,error,0.07983472850953935,123
evaluation,Q→Q,R003 Query Top5,L20H15,largest4n_iou,correct,0.4009679905380043,418
evaluation,Q→Q,R003 Query Top5,L20H15,largest4n_iou,error,0.08760153427732506,123
evaluation,Q→Q,R003 Query Top5,L24H16,pointing,correct,0.9473684210526315,418
evaluation,Q→Q,R003 Query Top5,L24H16,pointing,error,0.11382113821138211,123
evaluation,Q→Q,R003 Query Top5,L24H16,s50_fiou,correct,0.1287476780286717,418
evaluation,Q→Q,R003 Query Top5,L24H16,s50_fiou,error,0.004154859143421801,123
evaluation,Q→Q,R003 Query Top5,L24H16,s30_iou,correct,0.2516718603249393,418
evaluation,Q→Q,R003 Query Top5,L24H16,s30_iou,error,0.04055507231074359,123
evaluation,Q→Q,R003 Query Top5,L24H16,largest4n_iou,correct,0.39039910158912144,418
evaluation,Q→Q,R003 Query Top5,L24H16,largest4n_iou,error,0.04672178398638382,123
evaluation,Q→Q,R003 Query Top5,L25H10,pointing,correct,0.9569377990430622,418
evaluation,Q→Q,R003 Query Top5,L25H10,pointing,error,0.08130081300813008,123
evaluation,Q→Q,R003 Query Top5,L25H10,s50_fiou,correct,0.12491699067024628,418
evaluation,Q→Q,R003 Query Top5,L25H10,s50_fiou,error,0.0047808094813440736,123
evaluation,Q→Q,R003 Query Top5,L25H10,s30_iou,correct,0.22008124484060018,418
evaluation,Q→Q,R003 Query Top5,L25H10,s30_iou,error,0.0382428284839908,123
evaluation,Q→Q,R003 Query Top5,L25H10,largest4n_iou,correct,0.33872289066555555,418
evaluation,Q→Q,R003 Query Top5,L25H10,largest4n_iou,error,0.046890152677512544,123
evaluation,Q→Q,R003 Query Top5,L15H13,pointing,correct,0.80622009569378,418
evaluation,Q→Q,R003 Query Top5,L15H13,pointing,error,0.12195121951219512,123
evaluation,Q→Q,R003 Query Top5,L15H13,s50_fiou,correct,0.19016041467064346,418
evaluation,Q→Q,R003 Query Top5,L15H13,s50_fiou,error,0.02963233788362651,123
evaluation,Q→Q,R003 Query Top5,L15H13,s30_iou,correct,0.2565703122622271,418
evaluation,Q→Q,R003 Query Top5,L15H13,s30_iou,error,0.07163815200692801,123
evaluation,Q→Q,R003 Query Top5,L15H13,largest4n_iou,correct,0.30709611406493964,418
evaluation,Q→Q,R003 Query Top5,L15H13,largest4n_iou,error,0.0774326458606377,123
evaluation,Q→Q,R003 Query Top5,L21H10,pointing,correct,0.9856459330143541,418
evaluation,Q→Q,R003 Query Top5,L21H10,pointing,error,0.08943089430894309,123
evaluation,Q→Q,R003 Query Top5,L21H10,s50_fiou,correct,0.22665528153378817,418
evaluation,Q→Q,R003 Query Top5,L21H10,s50_fiou,error,0.006274890052304557,123
evaluation,Q→Q,R003 Query Top5,L21H10,s30_iou,correct,0.2666121445315933,418
evaluation,Q→Q,R003 Query Top5,L21H10,s30_iou,error,0.052002350275691694,123
evaluation,Q→Q,R003 Query Top5,L21H10,largest4n_iou,correct,0.40209228204505437,418
evaluation,Q→Q,R003 Query Top5,L21H10,largest4n_iou,error,0.0545274387893816,123
evaluation,Q→Q,R003 Query Top5,top5,pointing,correct,0.9665071770334929,418
evaluation,Q→Q,R003 Query Top5,top5,pointing,error,0.08943089430894309,123
evaluation,Q→Q,R003 Query Top5,top5,s50_fiou,correct,0.20501466964274917,418
evaluation,Q→Q,R003 Query Top5,top5,s50_fiou,error,0.005468055838127714,123
evaluation,Q→Q,R003 Query Top5,top5,s30_iou,correct,0.28460627833413005,418
evaluation,Q→Q,R003 Query Top5,top5,s30_iou,error,0.0705540238976167,123
evaluation,Q→Q,R003 Query Top5,top5,largest4n_iou,correct,0.3756283848289983,418
evaluation,Q→Q,R003 Query Top5,top5,largest4n_iou,error,0.07926416444614527,123
evaluation,Q→R,R003 Query Top5,L20H15,pointing,correct,0.5502392344497608,418
evaluation,Q→R,R003 Query Top5,L20H15,pointing,error,0.34146341463414637,123
evaluation,Q→R,R003 Query Top5,L20H15,s50_fiou,correct,0.16456735073941697,418
evaluation,Q→R,R003 Query Top5,L20H15,s50_fiou,error,0.09438287021867209,123
evaluation,Q→R,R003 Query Top5,L20H15,s30_iou,correct,0.20252972867357882,418
evaluation,Q→R,R003 Query Top5,L20H15,s30_iou,error,0.12199114902905167,123
evaluation,Q→R,R003 Query Top5,L20H15,largest4n_iou,correct,0.3242849703785969,418
evaluation,Q→R,R003 Query Top5,L20H15,largest4n_iou,error,0.18221361910761888,123
evaluation,Q→R,R003 Query Top5,L24H16,pointing,correct,0.045454545454545456,418
evaluation,Q→R,R003 Query Top5,L24H16,pointing,error,0.032520325203252036,123
evaluation,Q→R,R003 Query Top5,L24H16,s50_fiou,correct,0.025646302755788056,418
evaluation,Q→R,R003 Query Top5,L24H16,s50_fiou,error,0.014167404541645272,123
evaluation,Q→R,R003 Query Top5,L24H16,s30_iou,correct,0.09325698353966749,418
evaluation,Q→R,R003 Query Top5,L24H16,s30_iou,error,0.05497497713943368,123
evaluation,Q→R,R003 Query Top5,L24H16,largest4n_iou,correct,0.08742065287483818,418
evaluation,Q→R,R003 Query Top5,L24H16,largest4n_iou,error,0.05877017553300445,123
evaluation,Q→R,R003 Query Top5,L25H10,pointing,correct,0.05263157894736842,418
evaluation,Q→R,R003 Query Top5,L25H10,pointing,error,0.056910569105691054,123
evaluation,Q→R,R003 Query Top5,L25H10,s50_fiou,correct,0.0279207804595144,418
evaluation,Q→R,R003 Query Top5,L25H10,s50_fiou,error,0.0176152795660964,123
evaluation,Q→R,R003 Query Top5,L25H10,s30_iou,correct,0.0858634067599092,418
evaluation,Q→R,R003 Query Top5,L25H10,s30_iou,error,0.056074711229497254,123
evaluation,Q→R,R003 Query Top5,L25H10,largest4n_iou,correct,0.06367548155987304,418
evaluation,Q→R,R003 Query Top5,L25H10,largest4n_iou,error,0.052744160984096296,123
evaluation,Q→R,R003 Query Top5,L15H13,pointing,correct,0.5765550239234449,418
evaluation,Q→R,R003 Query Top5,L15H13,pointing,error,0.43089430894308944,123
evaluation,Q→R,R003 Query Top5,L15H13,s50_fiou,correct,0.15500583694033793,418
evaluation,Q→R,R003 Query Top5,L15H13,s50_fiou,error,0.09125286032226454,123
evaluation,Q→R,R003 Query Top5,L15H13,s30_iou,correct,0.21270371922407416,418
evaluation,Q→R,R003 Query Top5,L15H13,s30_iou,error,0.1237246493029567,123
evaluation,Q→R,R003 Query Top5,L15H13,largest4n_iou,correct,0.2754079021878191,418
evaluation,Q→R,R003 Query Top5,L15H13,largest4n_iou,error,0.15922709080022987,123
evaluation,Q→R,R003 Query Top5,L21H10,pointing,correct,0.15550239234449761,418
evaluation,Q→R,R003 Query Top5,L21H10,pointing,error,0.14634146341463414,123
evaluation,Q→R,R003 Query Top5,L21H10,s50_fiou,correct,0.08510431937789313,418
evaluation,Q→R,R003 Query Top5,L21H10,s50_fiou,error,0.05434868009212719,123
evaluation,Q→R,R003 Query Top5,L21H10,s30_iou,correct,0.1483054443062552,418
evaluation,Q→R,R003 Query Top5,L21H10,s30_iou,error,0.09228177651846313,123
evaluation,Q→R,R003 Query Top5,L21H10,largest4n_iou,correct,0.23176213957908937,418
evaluation,Q→R,R003 Query Top5,L21H10,largest4n_iou,error,0.1610079249105766,123
evaluation,Q→R,R003 Query Top5,top5,pointing,correct,0.12200956937799043,418
evaluation,Q→R,R003 Query Top5,top5,pointing,error,0.13008130081300814,123
evaluation,Q→R,R003 Query Top5,top5,s50_fiou,correct,0.12285507520148552,418
evaluation,Q→R,R003 Query Top5,top5,s50_fiou,error,0.06348164062354579,123
evaluation,Q→R,R003 Query Top5,top5,s30_iou,correct,0.18734765611308357,418
evaluation,Q→R,R003 Query Top5,top5,s30_iou,error,0.110271989067452,123
evaluation,Q→R,R003 Query Top5,top5,largest4n_iou,correct,0.30310421230974677,418
evaluation,Q→R,R003 Query Top5,top5,largest4n_iou,error,0.19610037727875948,123
evaluation,R→R,R006-T003 Reference Top5,L18H05,pointing,correct,0.7081339712918661,418
evaluation,R→R,R006-T003 Reference Top5,L18H05,pointing,error,0.4959349593495935,123
evaluation,R→R,R006-T003 Reference Top5,L18H05,s50_fiou,correct,0.20430881629823314,418
evaluation,R→R,R006-T003 Reference Top5,L18H05,s50_fiou,error,0.1302395433219129,123
evaluation,R→R,R006-T003 Reference Top5,L18H05,s30_iou,correct,0.2394398554963228,418
evaluation,R→R,R006-T003 Reference Top5,L18H05,s30_iou,error,0.13970819454956193,123
evaluation,R→R,R006-T003 Reference Top5,L18H05,largest4n_iou,correct,0.3630201481105924,418
evaluation,R→R,R006-T003 Reference Top5,L18H05,largest4n_iou,error,0.21694039079391714,123
evaluation,R→R,R006-T003 Reference Top5,L12H00,pointing,correct,0.19856459330143542,418
evaluation,R→R,R006-T003 Reference Top5,L12H00,pointing,error,0.15447154471544716,123
evaluation,R→R,R006-T003 Reference Top5,L12H00,s50_fiou,correct,0.10047477992670491,418
evaluation,R→R,R006-T003 Reference Top5,L12H00,s50_fiou,error,0.05883857782688602,123
evaluation,R→R,R006-T003 Reference Top5,L12H00,s30_iou,correct,0.1502145789806528,418
evaluation,R→R,R006-T003 Reference Top5,L12H00,s30_iou,error,0.09570588211817972,123
evaluation,R→R,R006-T003 Reference Top5,L12H00,largest4n_iou,correct,0.14499840741482667,418
evaluation,R→R,R006-T003 Reference Top5,L12H00,largest4n_iou,error,0.10207614966084795,123
evaluation,R→R,R006-T003 Reference Top5,L20H12,pointing,correct,0.6674641148325359,418
evaluation,R→R,R006-T003 Reference Top5,L20H12,pointing,error,0.4065040650406504,123
evaluation,R→R,R006-T003 Reference Top5,L20H12,s50_fiou,correct,0.20873184661984237,418
evaluation,R→R,R006-T003 Reference Top5,L20H12,s50_fiou,error,0.11088211877112318,123
evaluation,R→R,R006-T003 Reference Top5,L20H12,s30_iou,correct,0.22891114939282933,418
evaluation,R→R,R006-T003 Reference Top5,L20H12,s30_iou,error,0.13964009967279664,123
evaluation,R→R,R006-T003 Reference Top5,L20H12,largest4n_iou,correct,0.36630688363280894,418
evaluation,R→R,R006-T003 Reference Top5,L20H12,largest4n_iou,error,0.21519483394422873,123
evaluation,R→R,R006-T003 Reference Top5,L7H25,pointing,correct,0.17703349282296652,418
evaluation,R→R,R006-T003 Reference Top5,L7H25,pointing,error,0.13008130081300814,123
evaluation,R→R,R006-T003 Reference Top5,L7H25,s50_fiou,correct,0.11343372964074654,418
evaluation,R→R,R006-T003 Reference Top5,L7H25,s50_fiou,error,0.06379421643390594,123
evaluation,R→R,R006-T003 Reference Top5,L7H25,s30_iou,correct,0.16589967016075718,418
evaluation,R→R,R006-T003 Reference Top5,L7H25,s30_iou,error,0.10003594250110165,123
evaluation,R→R,R006-T003 Reference Top5,L7H25,largest4n_iou,correct,0.20287748180442142,418
evaluation,R→R,R006-T003 Reference Top5,L7H25,largest4n_iou,error,0.12801427956105665,123
evaluation,R→R,R006-T003 Reference Top5,L20H15,pointing,correct,0.5502392344497608,418
evaluation,R→R,R006-T003 Reference Top5,L20H15,pointing,error,0.34146341463414637,123
evaluation,R→R,R006-T003 Reference Top5,L20H15,s50_fiou,correct,0.16456735073941697,418
evaluation,R→R,R006-T003 Reference Top5,L20H15,s50_fiou,error,0.09438287021867209,123
evaluation,R→R,R006-T003 Reference Top5,L20H15,s30_iou,correct,0.20252972867357882,418
evaluation,R→R,R006-T003 Reference Top5,L20H15,s30_iou,error,0.12199114902905167,123
evaluation,R→R,R006-T003 Reference Top5,L20H15,largest4n_iou,correct,0.3242849703785969,418
evaluation,R→R,R006-T003 Reference Top5,L20H15,largest4n_iou,error,0.18221361910761888,123
evaluation,R→R,R006-T003 Reference Top5,top5,pointing,correct,0.69377990430622,418
evaluation,R→R,R006-T003 Reference Top5,top5,pointing,error,0.4715447154471545,123
evaluation,R→R,R006-T003 Reference Top5,top5,s50_fiou,correct,0.20424547117303962,418
evaluation,R→R,R006-T003 Reference Top5,top5,s50_fiou,error,0.11348114204671599,123
evaluation,R→R,R006-T003 Reference Top5,top5,s30_iou,correct,0.22829737241682746,418
evaluation,R→R,R006-T003 Reference Top5,top5,s30_iou,error,0.13378458651133995,123
evaluation,R→R,R006-T003 Reference Top5,top5,largest4n_iou,correct,0.33035686049906565,418
evaluation,R→R,R006-T003 Reference Top5,top5,largest4n_iou,error,0.18997922418515706,123
