arm,parent_cutoff_exclusive,n,mean,lo,hi
high494,0.05,315,0.039691245862619746,0.013341373117326711,0.0673045225603315
high494,0.1,327,0.037611844342895114,0.011728138710814661,0.06510119902698966
high494,0.15,337,0.039657392775421026,0.014010657101320085,0.06659647147557678
high494,0.2,350,0.040848284642684245,0.015502986089263687,0.0670781989636518
high494,0.25,362,0.04161092898938588,0.01700460133667406,0.06713515900084527
high494,0.3,373,0.039375472128517545,0.015193607892738967,0.0646945489430132
high494,0.4,406,0.035023366079773466,0.012011311136710823,0.059346585554342
high494,0.5,432,0.03374595598063902,0.011395946967211797,0.05672151591474639
high494,0.6,476,0.0238603806931165,0.002535236961381609,0.04519138526358554
high494,0.7,549,0.014507122541313205,-0.005275535964435885,0.033859029372193344
high494,0.75,589,0.013127253024530423,-0.005474235502312236,0.031490936832377484
high494,0.8,666,0.006985329083812492,-0.0100786009274916,0.02443850279047991
high494,0.9,926,-0.006119538671127272,-0.02020035010753706,0.00826062070889334
high494,1.000001,1766,-0.006780441256278114,-0.015099955792199048,0.001604217180638019
gt247,0.05,315,0.02452785581577131,-0.0006595427051566507,0.050571867483189314
gt247,0.1,327,0.02372518071993732,-0.0005824170924142382,0.04893509608358134
gt247,0.15,337,0.024980661606516404,0.0014066528936871945,0.05008735192340995
gt247,0.2,350,0.029866864063977535,0.006091920701341599,0.05476397067201573
gt247,0.25,362,0.029205040482703167,0.00623757042570464,0.05319458648942655
gt247,0.3,373,0.026421424704939186,0.004122431712159655,0.049582037561939206
gt247,0.4,406,0.02600265304651193,0.005543893314244171,0.04768857110763526
gt247,0.5,432,0.025928344536999354,0.006746602299779097,0.04652287943231457
gt247,0.6,476,0.021712100330612313,0.003157989462548545,0.041442902121217
gt247,0.7,549,0.015243111910672789,-0.001209404191898283,0.03220982899462843
gt247,0.75,589,0.012968880638751071,-0.0026439635140145736,0.029231147237221512
gt247,0.8,666,0.007146799605268298,-0.0073509778470847425,0.022150588478692744
gt247,0.9,926,0.003494330890626168,-0.008081452886580888,0.015477702997648394
gt247,1.000001,1766,0.000642803104671938,-0.006024338166048295,0.007775000728620728
