arm,bin,n,mean,lo,hi,wins,losses,ties
high494,0,277,0.0348377401086216,0.006386725625183663,0.06553912971828303,32,25,220
high494,"(0,.1)",50,0.05298038180077038,-0.007336976384622597,0.1231768465014859,17,25,8
high494,"[.1,.25)",35,0.07897380554374255,0.012070620148623389,0.1600113065339566,18,15,2
high494,"[.25,.5)",70,-0.0069271901503090375,-0.058778422130819206,0.046279295379413804,36,32,2
high494,"[.5,.75)",157,-0.04360701243431617,-0.07488596662622422,-0.01470717333051582,69,83,5
high494,"[.75,1]",1177,-0.01674274536111773,-0.02474198013189734,-0.008821279809877588,498,619,60
gt247,0,277,0.025670443202427725,-0.0010493578377262379,0.05478041496557616,32,18,227
gt247,"(0,.1)",50,0.012948426566940473,-0.044535940411629005,0.06487415448239368,21,18,11
gt247,"[.1,.25)",35,0.08040258740911556,0.013405909282512953,0.16473673349005188,23,9,3
gt247,"[.25,.5)",70,0.008983145503502462,-0.019425973324429767,0.03950115007625093,34,32,4
gt247,"[.5,.75)",157,-0.022690281170441643,-0.0461145747549656,0.0007568017308563764,61,85,11
gt247,"[.75,1]",1177,-0.005525471889017621,-0.012618616208528166,0.0015117978651560668,515,527,135
