threshold,n,mean,lo,hi,parent1729,baseline494,gt247,high494
0.0,1766,0.0,0.0,0.0,1.0,1.0,1.0,1.0
0.01,1766,-0.006795016987542469,-0.01698754246885617,0.0028312570781426952,0.8374858437146093,0.8386183465458663,0.8414496036240091,0.8318233295583239
0.02,1766,-0.004530011325028313,-0.014156285390713477,0.005096262740656852,0.834088335220838,0.8346545866364666,0.8380520951302378,0.8301245753114382
0.03,1766,-0.005096262740656852,-0.015288788221970554,0.005096262740656852,0.8278595696489242,0.8295583238958097,0.8323895809739524,0.8244620611551529
0.04,1766,-0.00622876557191393,-0.01642129105322763,0.003963759909399773,0.8244620611551529,0.8267270668176671,0.8301245753114382,0.8204983012457531
0.05,1766,-0.006795016987542469,-0.01698754246885617,0.0033975084937712344,0.8216308040770102,0.82559456398641,0.8295583238958097,0.8187995469988675
0.06,1766,-0.008493771234428085,-0.01868629671574179,0.0016987542468856172,0.8216308040770102,0.8250283125707815,0.8284258210645526,0.8165345413363534
0.07,1766,-0.007361268403171008,-0.017553793884484713,0.0028312570781426952,0.8199320498301246,0.8238958097395244,0.8272933182332955,0.8165345413363534
0.08,1766,-0.006795016987542469,-0.01700169875424688,0.0033975084937712344,0.8176670441676104,0.8221970554926388,0.82559456398641,0.8154020385050963
0.09,1766,-0.005096262740656852,-0.015288788221970554,0.005096262740656852,0.8154020385050963,0.818233295583239,0.8221970554926388,0.8131370328425821
0.1,1766,-0.005096262740656852,-0.015288788221970554,0.005096262740656852,0.8148357870894677,0.8171007927519819,0.8204983012457531,0.812004530011325
0.11,1766,-0.00622876557191393,-0.01642129105322763,0.003963759909399773,0.8142695356738392,0.8171007927519819,0.8187995469988675,0.8108720271800679
0.12,1766,-0.006795016987542469,-0.01698754246885617,0.0028312570781426952,0.8131370328425821,0.8159682899207248,0.818233295583239,0.8091732729331823
0.13,1766,-0.005096262740656852,-0.015288788221970554,0.004530011325028313,0.8097395243488109,0.8131370328425821,0.8159682899207248,0.8080407701019252
0.14,1766,-0.00622876557191393,-0.01642129105322763,0.0033975084937712344,0.8091732729331823,0.8125707814269536,0.8142695356738392,0.8063420158550396
0.15,1766,-0.005096262740656852,-0.015288788221970554,0.004530011325028313,0.8091732729331823,0.8097395243488109,0.8142695356738392,0.804643261608154
0.16,1766,-0.00622876557191393,-0.01642129105322763,0.0033975084937712344,0.8086070215175538,0.8091732729331823,0.8125707814269536,0.8029445073612684
0.17,1766,-0.004530011325028313,-0.014722536806342015,0.005096262740656852,0.8074745186862967,0.8069082672706682,0.8108720271800679,0.8023782559456398
0.18,1766,-0.004530011325028313,-0.014722536806342015,0.005096262740656852,0.8074745186862967,0.8063420158550396,0.8097395243488109,0.8018120045300113
0.19,1766,-0.003963759909399773,-0.014156285390713477,0.00622876557191393,0.8057757644394111,0.8035107587768969,0.8091732729331823,0.7995469988674971
0.2,1766,-0.004530011325028313,-0.014722536806342015,0.0056625141562853904,0.8018120045300113,0.8023782559456398,0.8074745186862967,0.7978482446206115
0.21,1766,-0.005096262740656852,-0.015855039637599093,0.005096262740656852,0.8006795016987542,0.8018120045300113,0.8057757644394111,0.7967157417893544
0.22,1766,-0.0033975084937712344,-0.013590033975084938,0.006795016987542469,0.7989807474518686,0.8001132502831257,0.8052095130237825,0.7967157417893544
0.23,1766,-0.005096262740656852,-0.014722536806342015,0.005096262740656852,0.79841449603624,0.7989807474518686,0.8035107587768969,0.7938844847112118
0.24,1766,-0.003963759909399773,-0.014156285390713477,0.00622876557191393,0.797281993204983,0.7967157417893544,0.8018120045300113,0.7927519818799547
0.25,1766,-0.0056625141562853904,-0.015855039637599093,0.0039779161947905385,0.7950169875424689,0.7967157417893544,0.8001132502831257,0.7910532276330691
0.26,1766,-0.0056625141562853904,-0.01642129105322763,0.004530011325028313,0.7944507361268404,0.7955832389580973,0.7995469988674971,0.789920724801812
0.27,1766,-0.00622876557191393,-0.01698754246885617,0.003963759909399773,0.7933182332955833,0.7950169875424689,0.7978482446206115,0.788788221970555
0.28,1766,-0.007361268403171008,-0.01812004530011325,0.0028312570781426952,0.7916194790486977,0.7944507361268404,0.796149490373726,0.7870894677236693
0.29,1766,-0.00622876557191393,-0.01698754246885617,0.003963759909399773,0.7893544733861835,0.7927519818799547,0.7950169875424689,0.7865232163080408
0.3,1766,-0.00622876557191393,-0.01698754246885617,0.004530011325028313,0.788788221970555,0.7910532276330691,0.7921857304643262,0.7848244620611552
0.31,1766,-0.0056625141562853904,-0.01642129105322763,0.005096262740656852,0.7882219705549264,0.789920724801812,0.7916194790486977,0.7842582106455266
0.32,1766,-0.0056625141562853904,-0.01642129105322763,0.005096262740656852,0.7865232163080408,0.788788221970555,0.7910532276330691,0.7831257078142695
0.33,1766,-0.0056625141562853904,-0.01642129105322763,0.005096262740656852,0.7859569648924122,0.7882219705549264,0.7904869762174406,0.782559456398641
0.34,1766,-0.004530011325028313,-0.015288788221970554,0.00622876557191393,0.7848244620611552,0.7865232163080408,0.788788221970555,0.7819932049830125
0.35000000000000003,1766,-0.0028312570781426952,-0.013590033975084938,0.007927519818799546,0.7814269535673839,0.7842582106455266,0.7882219705549264,0.7814269535673839
0.36,1766,-0.0022650056625141564,-0.013023782559456399,0.008493771234428085,0.7802944507361268,0.7831257078142695,0.7848244620611552,0.7808607021517554
0.37,1766,-0.0016987542468856172,-0.01245753114382786,0.009060022650056626,0.7785956964892412,0.7802944507361268,0.7842582106455266,0.7785956964892412
0.38,1766,0.0,-0.010758776896942242,0.010758776896942242,0.7757644394110985,0.7780294450736127,0.7814269535673839,0.7780294450736127
0.39,1766,0.0005662514156285391,-0.010192525481313703,0.011325028312570781,0.7729331823329558,0.7768969422423556,0.7780294450736127,0.7774631936579841
0.4,1766,-0.0005662514156285391,-0.01189127972819932,0.010758776896942242,0.7701019252548131,0.77519818799547,0.7763306908267271,0.7746319365798414
0.41000000000000003,1766,-0.0016987542468856172,-0.013023782559456399,0.009626274065685165,0.7672706681766704,0.7734994337485843,0.7746319365798414,0.7718006795016987
0.42,1766,-0.0022650056625141564,-0.013023782559456399,0.00850792751981885,0.7644394110985278,0.7723669309173273,0.7740656851642129,0.7701019252548131
0.43,1766,-0.0033975084937712344,-0.014722536806342015,0.007927519818799546,0.7633069082672707,0.7712344280860702,0.7706681766704416,0.7678369195922989
0.44,1766,-0.0033975084937712344,-0.014736693091732724,0.007927519818799546,0.7616081540203851,0.7701019252548131,0.7695356738391846,0.766704416761042
0.45,1766,-0.006795016987542469,-0.01812004530011325,0.004530011325028313,0.7599093997734995,0.7695356738391846,0.7678369195922989,0.7627406568516422
0.46,1766,-0.0056625141562853904,-0.01698754246885617,0.0056625141562853904,0.7593431483578709,0.7672706681766704,0.7655719139297849,0.7616081540203851
0.47000000000000003,1766,-0.005096262740656852,-0.01698754246885617,0.006795016987542469,0.7587768969422424,0.7650056625141562,0.7644394110985278,0.7599093997734995
0.48,1766,-0.0056625141562853904,-0.017553793884484713,0.00622876557191393,0.7576443941109853,0.7644394110985278,0.7621744054360136,0.7587768969422424
0.49,1766,-0.005096262740656852,-0.01698754246885617,0.006795016987542469,0.7570781426953568,0.7616081540203851,0.760475651189128,0.7565118912797282
0.5,1766,-0.00622876557191393,-0.01812004530011325,0.0056625141562853904,0.7553793884484711,0.760475651189128,0.7582106455266138,0.7542468856172141
0.51,1766,-0.00622876557191393,-0.01812004530011325,0.005096262740656852,0.7514156285390714,0.7576443941109853,0.7559456398640997,0.7514156285390714
0.52,1766,-0.005096262740656852,-0.01698754246885617,0.006795016987542469,0.7514156285390714,0.7559456398640997,0.7542468856172141,0.7508493771234428
0.53,1766,-0.005096262740656852,-0.01698754246885617,0.006795016987542469,0.7502831257078143,0.753114382785957,0.7508493771234428,0.7480181200453001
0.54,1766,-0.0022650056625141564,-0.014722536806342015,0.009626274065685165,0.7480181200453001,0.7491506228765572,0.7480181200453001,0.746885617214043
0.55,1766,-0.0028312570781426952,-0.015288788221970554,0.009060022650056626,0.7451868629671574,0.7480181200453001,0.7457531143827859,0.7451868629671574
0.56,1766,-0.003963759909399773,-0.01642129105322763,0.008493771234428085,0.7412231030577576,0.7451868629671574,0.7423556058890147,0.7412231030577576
0.5700000000000001,1766,-0.007927519818799546,-0.019818799546998868,0.003963759909399773,0.7383918459796149,0.7423556058890147,0.7389580973952435,0.7344280860702151
0.58,1766,-0.009626274065685165,-0.021517553793884484,0.0022650056625141564,0.7355605889014722,0.7406568516421291,0.7361268403171007,0.731030577576444
0.59,1766,-0.009060022650056626,-0.020951302378255945,0.0028312570781426952,0.7327293318233296,0.7383918459796149,0.733295583238958,0.7293318233295584
0.6,1766,-0.010758776896942242,-0.0232163080407701,0.0011325028312570782,0.7304643261608154,0.7361268403171007,0.7293318233295584,0.7253680634201586
0.61,1766,-0.007927519818799546,-0.020385050962627407,0.003963759909399773,0.7270668176670442,0.7304643261608154,0.7259343148357871,0.7225368063420159
0.62,1766,-0.0056625141562853904,-0.01812004530011325,0.006795016987542469,0.7236693091732729,0.7259343148357871,0.7242355605889015,0.7202718006795017
0.63,1766,-0.008493771234428085,-0.021517553793884484,0.003963759909399773,0.7202718006795017,0.7242355605889015,0.7214043035107588,0.7157417893544734
0.64,1766,-0.007361268403171008,-0.020385050962627407,0.005096262740656852,0.717440543601359,0.7197055492638732,0.7168742921857305,0.7123442808607021
0.65,1766,-0.006795016987542469,-0.01925254813137033,0.0056625141562853904,0.7134767836919592,0.7140430351075878,0.7129105322763307,0.7072480181200453
0.66,1766,-0.007927519818799546,-0.020951302378255945,0.005096262740656852,0.7083805209513023,0.710079275198188,0.7117780294450736,0.7021517553793885
0.67,1766,-0.006795016987542469,-0.01925254813137033,0.0056625141562853904,0.7055492638731596,0.7066817667044167,0.7044167610419027,0.6998867497168743
0.68,1766,-0.009626274065685165,-0.022650056625141562,0.0033975084937712344,0.6987542468856173,0.703850509626274,0.6998867497168743,0.6942242355605889
0.6900000000000001,1766,-0.01245753114382786,-0.02548131370328426,0.0005662514156285391,0.6919592298980748,0.6981879954699887,0.6964892412231031,0.6857304643261608
0.7000000000000001,1766,-0.014722536806342015,-0.028312570781426953,-0.0016987542468856172,0.6891279728199321,0.6964892412231031,0.6919592298980748,0.681766704416761
0.71,1766,-0.015288788221970554,-0.028312570781426953,-0.0022650056625141564,0.6857304643261608,0.6896942242355606,0.687995469988675,0.67440543601359
0.72,1766,-0.017553793884484713,-0.03114382785956965,-0.004530011325028313,0.6795016987542469,0.6845979614949037,0.6840317100792752,0.6670441676104191
0.73,1766,-0.01698754246885617,-0.030577576443941108,-0.0033975084937712344,0.6778029445073612,0.6766704416761042,0.6812004530011325,0.659682899207248
0.74,1766,-0.017553793884484713,-0.03114382785956965,-0.003963759909399773,0.6727066817667045,0.6738391845979615,0.6732729331823329,0.6562853907134768
0.75,1766,-0.0232163080407701,-0.03737259343148358,-0.009060022650056626,0.6664779161947905,0.6704416761041903,0.6664779161947905,0.6472253680634201
0.76,1766,-0.02378255945639864,-0.037938844847112116,-0.010192525481313703,0.6534541336353341,0.6619479048697622,0.6579841449603624,0.6381653454133636
0.77,1766,-0.01642129105322763,-0.03001132502831257,-0.0033975084937712344,0.6432616081540203,0.6477916194790487,0.6477916194790487,0.6313703284258211
0.78,1766,-0.015288788221970554,-0.02944507361268403,-0.0011325028312570782,0.6359003397508494,0.638731596828992,0.638731596828992,0.6234428086070215
0.79,1766,-0.013023782559456399,-0.027180067950169876,0.0022650056625141564,0.6296715741789355,0.6251415628539071,0.6308040770101925,0.6121177802944507
0.8,1766,-0.009060022650056626,-0.022650056625141562,0.005096262740656852,0.622876557191393,0.6138165345413363,0.6211778029445073,0.6047565118912798
0.81,1766,-0.0056625141562853904,-0.01925254813137033,0.008493771234428085,0.6098527746319365,0.6036240090600227,0.6121177802944507,0.5979614949037373
0.8200000000000001,1766,-0.00622876557191393,-0.019818799546998868,0.007927519818799546,0.6019252548131371,0.5951302378255946,0.5996602491506229,0.5889014722536806
0.8300000000000001,1766,-0.00622876557191393,-0.019818799546998868,0.007927519818799546,0.5889014722536806,0.5838052095130238,0.5883352208380521,0.5775764439411099
0.84,1766,-0.0028312570781426952,-0.017553793884484713,0.01245753114382786,0.579841449603624,0.5702151755379389,0.5741789354473387,0.5673839184597962
0.85,1766,-0.00622876557191393,-0.021517553793884484,0.009626274065685165,0.5634201585503964,0.5566251415628539,0.5554926387315968,0.5503963759909399
0.86,1766,-0.0022650056625141564,-0.01698754246885617,0.013023782559456399,0.549263873159683,0.5413363533408834,0.5373725934314836,0.5390713476783692
0.87,1766,-0.003963759909399773,-0.01868629671574179,0.011325028312570781,0.5334088335220838,0.5249150622876557,0.5226500566251415,0.5209513023782559
0.88,1766,-0.0056625141562853904,-0.020951302378255945,0.009626274065685165,0.5130237825594564,0.5045300113250283,0.5039637599093998,0.4988674971687429
0.89,1766,-0.0011325028312570782,-0.01642129105322763,0.014156285390713477,0.4920724801812005,0.48471121177802945,0.4796149490373726,0.48357870894677235
0.9,1766,-0.005096262740656852,-0.01868629671574179,0.009626274065685165,0.47565118912797283,0.4637599093997735,0.4552661381653454,0.45866364665911663
0.91,1766,0.0,-0.013590033975084938,0.014156285390713477,0.4563986409966025,0.4388448471121178,0.44224235560588904,0.4388448471121178
0.92,1766,-0.009060022650056626,-0.022650056625141562,0.0056625141562853904,0.4292185730464326,0.4190260475651189,0.4110985277463194,0.4099660249150623
0.93,1766,-0.006795016987542469,-0.019818799546998868,0.006795016987542469,0.4043035107587769,0.39071347678369195,0.384484711211778,0.38391845979614947
0.9400000000000001,1766,-0.006795016987542469,-0.020385050962627407,0.007361268403171008,0.36806342015855037,0.3578708946772367,0.3516421291053228,0.3510758776896942
0.9500000000000001,1766,-0.009626274065685165,-0.02378255945639864,0.004530011325028313,0.32559456398640996,0.31653454133635334,0.31483578708946774,0.30690826727066817
0.96,1766,-0.007361268403171008,-0.020399207248018116,0.007361268403171008,0.2729331823329558,0.2610419026047565,0.26613816534541335,0.2536806342015855
0.97,1766,-0.01189127972819932,-0.02491506228765572,0.0011325028312570782,0.2072480181200453,0.2044167610419026,0.19988674971687428,0.19252548131370328
0.98,1766,-0.008493771234428085,-0.020385050962627407,0.0033975084937712344,0.1291053227633069,0.13420158550396377,0.13250283125707815,0.12570781426953567
0.99,1766,-0.004530011325028313,-0.01245753114382786,0.0033975084937712344,0.045866364665911666,0.05379388448471121,0.05379388448471121,0.0492638731596829
1.0,1766,0.0022650056625141564,0.0005662514156285391,0.004530011325028313,0.0016987542468856172,0.0005662514156285391,0.0028312570781426952,0.0028312570781426952
