group,threshold,rescued,lost,n,mean,lo,hi
all,0.1,37,46,1766,-0.005096262740656852,-0.015288788221970554,0.005096262740656852
all,0.25,36,46,1766,-0.0056625141562853904,-0.015855039637599093,0.0039779161947905385
all,0.5,52,63,1766,-0.00622876557191393,-0.01812004530011325,0.0056625141562853904
all,0.75,55,96,1766,-0.0232163080407701,-0.03737259343148358,-0.009060022650056626
parent_lt_0.5,0.1,32,17,432,0.034722222222222224,0.00248725432244717,0.06652613445217527
parent_lt_0.5,0.25,30,17,432,0.03009259259259259,0.0,0.06132075471698113
parent_lt_0.5,0.5,41,17,432,0.05555555555555555,0.022120918709565746,0.0890592325609072
parent_lt_0.5,0.75,18,8,432,0.023148148148148147,0.0,0.047087317031897793
GOT10k,0.1,2,2,180,0.0,-0.022222222222222223,0.022222222222222223
GOT10k,0.25,1,2,180,-0.005555555555555556,-0.027777777777777776,0.011111111111111112
GOT10k,0.5,2,5,180,-0.016666666666666666,-0.044444444444444446,0.011111111111111112
GOT10k,0.75,3,8,180,-0.027777777777777776,-0.06666666666666667,0.005555555555555556
LaSOT,0.1,17,14,600,0.005,-0.013333333333333334,0.023333333333333334
LaSOT,0.25,15,15,600,0.0,-0.018333333333333333,0.018333333333333333
LaSOT,0.5,28,23,600,0.008333333333333333,-0.015,0.03166666666666667
LaSOT,0.75,18,38,600,-0.03333333333333333,-0.058333333333333334,-0.008333333333333333
TAO,0.1,18,30,986,-0.012170385395537525,-0.02636916835699797,0.0010141987829614604
TAO,0.25,20,29,986,-0.009127789046653144,-0.02332657200811359,0.005070993914807302
TAO,0.5,22,35,986,-0.013184584178498986,-0.028397565922920892,0.002028397565922921
TAO,0.75,34,50,986,-0.016227180527383367,-0.035496957403651115,0.002028397565922921
